"id","ciudad","municipio_id","ip","host","deleted_at","created_at","updated_at","searchtext","status","creado_por_id"
1,"",2458,"","",NULL,"2020-07-08 16:33:31","2020-07-08 16:33:31","",False,1
2,"ASIENTOS",1,"","",NULL,"2020-07-08 16:33:31","2020-07-08 16:33:31","'asient':1",False,1
3,"CALVILLO",2,"","",NULL,"2020-07-08 16:33:31","2020-07-08 16:33:31","'calvill':1",False,1
4,"COSÍO",3,"","",NULL,"2020-07-08 16:33:31","2020-07-08 16:33:31","'cosi':1",False,1
5,"JESÚS MARÍA",5,"","",NULL,"2020-07-08 16:33:31","2020-07-08 16:33:31","'jesus':1 'mar':2",False,1
6,"PABELLÓN DE ARTEAGA",6,"","",NULL,"2020-07-08 16:33:31","2020-07-08 16:33:31","'arteag':3 'pabellon':1",False,1
7,"RINCÓN DE ROMOS",7,"","",NULL,"2020-07-08 16:33:31","2020-07-08 16:33:31","'rincon':1 'rom':3",False,1
8,"SAN FRANCISCO DE LOS ROMO",8,"","",NULL,"2020-07-08 16:33:31","2020-07-08 16:33:31","'francisc':2 'rom':5 'san':1",False,1
9,"TEPEZALÁ",10,"","",NULL,"2020-07-08 16:33:31","2020-07-08 16:33:31","'tepezal':1",False,1
10,"ENSENADA",11,"","",NULL,"2020-07-08 16:33:31","2020-07-08 16:33:31","'ensen':1",False,1
11,"MEXICALI",12,"","",NULL,"2020-07-08 16:33:31","2020-07-08 16:33:31","'mexicali':1",False,1
12,"PLAYAS DE ROSARITO",13,"","",NULL,"2020-07-08 16:33:31","2020-07-08 16:33:31","'play':1 'rosarit':3",False,1
13,"TECATE",14,"","",NULL,"2020-07-08 16:33:31","2020-07-08 16:33:31","'tecat':1",False,1
14,"TIJUANA",15,"","",NULL,"2020-07-08 16:33:31","2020-07-08 16:33:31","'tijuan':1",False,1
15,"CABO SAN LUCAS",19,"","",NULL,"2020-07-08 16:33:31","2020-07-08 16:33:31","'cab':1 'luc':3 'san':2",False,1
16,"CIUDAD CONSTITUCIÓN",17,"","",NULL,"2020-07-08 16:33:31","2020-07-08 16:33:31","'ciud':1 'constitu':2",False,1
17,"GUERRERO NEGRO",20,"","",NULL,"2020-07-08 16:33:31","2020-07-08 16:33:31","'guerrer':1 'negr':2",False,1
18,"HEROICA MULEGÉ",20,"","",NULL,"2020-07-08 16:33:31","2020-07-08 16:33:31","'heroic':1 'muleg':2",False,1
19,"LA PAZ",16,"","",NULL,"2020-07-08 16:33:31","2020-07-08 16:33:31","'paz':2",False,1
20,"LORETO",18,"","",NULL,"2020-07-08 16:33:31","2020-07-08 16:33:31","'loret':1",False,1
21,"PUERTO ADOLFO LÓPEZ MATEOS",17,"","",NULL,"2020-07-08 16:33:31","2020-07-08 16:33:31","'adolf':2 'lopez':3 'mate':4 'puert':1",False,1
22,"SAN IGNACIO",20,"","",NULL,"2020-07-08 16:33:31","2020-07-08 16:33:31","'ignaci':2 'san':1",False,1
23,"SAN JOSÉ DEL CABO",19,"","",NULL,"2020-07-08 16:33:31","2020-07-08 16:33:31","'cab':4 'jos':2 'san':1",False,1
24,"TODOS SANTOS",16,"","",NULL,"2020-07-08 16:33:31","2020-07-08 16:33:31","'sant':2",False,1
25,"VILLA ALBERTO ANDRÉS ALVARADO ARÁMBURO",20,"","",NULL,"2020-07-08 16:33:31","2020-07-08 16:33:31","'albert':2 'alvar':4 'andres':3 'arambur':5 'vill':1",False,1
26,"CALKINI",23,"","",NULL,"2020-07-08 16:33:31","2020-07-08 16:33:31","'calkini':1",False,1
27,"CANDELARIA",24,"","",NULL,"2020-07-08 16:33:31","2020-07-08 16:33:31","'candelari':1",False,1
28,"CHAMPOTÓN",26,"","",NULL,"2020-07-08 16:33:31","2020-07-08 16:33:31","'champoton':1",False,1
29,"CIUDAD DEL CARMEN",25,"","",NULL,"2020-07-08 16:33:31","2020-07-08 16:33:31","'carm':3 'ciud':1",False,1
30,"ESCÁRCEGA",27,"","",NULL,"2020-07-08 16:33:31","2020-07-08 16:33:31","'escarceg':1",False,1
31,"HECELCHAKÁN",28,"","",NULL,"2020-07-08 16:33:31","2020-07-08 16:33:31","'hecelchakan':1",False,1
32,"HOPELCHÉN",29,"","",NULL,"2020-07-08 16:33:31","2020-07-08 16:33:31","'hopelchen':1",False,1
33,"POMUCH",28,"","",NULL,"2020-07-08 16:33:31","2020-07-08 16:33:31","'pomuch':1",False,1
34,"SABANCUY",25,"","",NULL,"2020-07-08 16:33:31","2020-07-08 16:33:31","'sabancuy':1",False,1
35,"SAN FRANCISCO DE CAMPECHE",21,"","",NULL,"2020-07-08 16:33:31","2020-07-08 16:33:31","'campech':4 'francisc':2 'san':1",False,1
36,"ACALA",80,"","",NULL,"2020-07-08 16:33:31","2020-07-08 16:33:31","'acal':1",False,1
37,"ARRIAGA",87,"","",NULL,"2020-07-08 16:33:31","2020-07-08 16:33:31","'arriag':1",False,1
38,"CACAHOATÁN",93,"","",NULL,"2020-07-08 16:33:31","2020-07-08 16:33:31","'cacahoatan':1",False,1
39,"CHIAPA DE CORZO",104,"","",NULL,"2020-07-08 16:33:31","2020-07-08 16:33:31","'chiap':1 'corz':3",False,1
40,"CINTALAPA DE FIGUEROA",95,"","",NULL,"2020-07-08 16:33:31","2020-07-08 16:33:31","'cintalap':1 'figuero':3",False,1
41,"COMITÁN DE DOMÍNGUEZ",97,"","",NULL,"2020-07-08 16:33:31","2020-07-08 16:33:31","'comitan':1 'dominguez':3",False,1
42,"HUIXTLA",117,"","",NULL,"2020-07-08 16:33:31","2020-07-08 16:33:31","'huixtl':1",False,1
43,"JIQUIPILAS",123,"","",NULL,"2020-07-08 16:33:31","2020-07-08 16:33:31","'jiquipil':1",False,1
44,"LAS MARGARITAS",129,"","",NULL,"2020-07-08 16:33:31","2020-07-08 16:33:31","'margarit':2",False,1
45,"LAS ROSAS",152,"","",NULL,"2020-07-08 16:33:31","2020-07-08 16:33:31","'ros':2",False,1
46,"MAPASTEPEC",128,"","",NULL,"2020-07-08 16:33:31","2020-07-08 16:33:31","'mapastepec':1",False,1
47,"MOTOZINTLA DE MENDOZA",134,"","",NULL,"2020-07-08 16:33:31","2020-07-08 16:33:31","'mendoz':3 'motozintl':1",False,1
48,"OCOSINGO",136,"","",NULL,"2020-07-08 16:33:31","2020-07-08 16:33:31","'ocosing':1",False,1
49,"OCOZOCOAUTLA DE ESPINOSA",138,"","",NULL,"2020-07-08 16:33:31","2020-07-08 16:33:31","'espin':3 'ocozocoautl':1",False,1
50,"PALENQUE",142,"","",NULL,"2020-07-08 16:33:31","2020-07-08 16:33:31","'palenqu':1",False,1
51,"PICHUCALCO",145,"","",NULL,"2020-07-08 16:33:31","2020-07-08 16:33:31","'pichucalc':1",False,1
52,"PIJIJIAPAN",146,"","",NULL,"2020-07-08 16:33:31","2020-07-08 16:33:31","'pijijiap':1",False,1
53,"PUERTO MADERO (SAN BENITO)",165,"","",NULL,"2020-07-08 16:33:31","2020-07-08 16:33:31","'benit':4 'mader':2 'puert':1 'san':3",False,1
54,"REFORMA",151,"","",NULL,"2020-07-08 16:33:31","2020-07-08 16:33:31","'reform':1",False,1
55,"SAN CRISTÓBAL DE LAS CASAS",155,"","",NULL,"2020-07-08 16:33:31","2020-07-08 16:33:31","'cas':5 'cristobal':2 'san':1",False,1
56,"TAPACHULA DE CÓRDOVA Y ORDÓÑEZ",165,"","",NULL,"2020-07-08 16:33:31","2020-07-08 16:33:31","'cordov':3 'ordoñez':5 'tapachul':1",False,1
57,"TONALÁ",172,"","",NULL,"2020-07-08 16:33:31","2020-07-08 16:33:31","'tonal':1",False,1
58,"TUXTLA GUTIÉRREZ",176,"","",NULL,"2020-07-08 16:33:31","2020-07-08 16:33:31","'gutierrez':2 'tuxtl':1",False,1
59,"VENUSTIANO CARRANZA",181,"","",NULL,"2020-07-08 16:33:31","2020-07-08 16:33:31","'carranz':2 'venustian':1",False,1
60,"VILLAFLORES",183,"","",NULL,"2020-07-08 16:33:31","2020-07-08 16:33:31","'villaflor':1",False,1
61,"JUÁREZ",216,"","",NULL,"2020-07-08 16:33:31","2020-07-08 16:33:31","'juarez':1",False,1
62,"HIDALGO DEL PARRAL",232,"","",NULL,"2020-07-08 16:33:31","2020-07-08 16:33:31","'hidalg':1 'parral':3",False,1
63,"SANTA ROSALÍA CAMARGO",212,"","",NULL,"2020-07-08 16:33:31","2020-07-08 16:33:31","'camarg':3 'rosal':2 'sant':1",False,1
64,"SAUCILLO",262,"","",NULL,"2020-07-08 16:33:31","2020-07-08 16:33:31","'saucill':1",False,1
65,"CHIHUAHUA",201,"","",NULL,"2020-07-08 16:33:31","2020-07-08 16:33:31","'chihuahu':1",False,1
66,"NUEVO CASAS GRANDES",249,"","",NULL,"2020-07-08 16:33:31","2020-07-08 16:33:31","'cas':2 'grand':3 'nuev':1",False,1
67,"MORELOS",1340,"","",NULL,"2020-07-08 16:33:31","2020-07-08 16:33:31","'morel':1",False,1
68,"DELICIAS",221,"","",NULL,"2020-07-08 16:33:31","2020-07-08 16:33:31","'delici':1",False,1
69,"MANUEL OJINAGA",251,"","",NULL,"2020-07-08 16:33:31","2020-07-08 16:33:31","'manuel':1 'ojinag':2",False,1
70,"XOCHIMILCO",282,"","",NULL,"2020-07-08 16:33:31","2020-07-08 16:33:31","'xochimilc':1",False,1
71,"TLALPAN",280,"","",NULL,"2020-07-08 16:33:31","2020-07-08 16:33:31","'tlalp':1",False,1
72,"TLÁHUAC",279,"","",NULL,"2020-07-08 16:33:31","2020-07-08 16:33:31","'tlahuac':1",False,1
73,"MILPA ALTA",278,"","",NULL,"2020-07-08 16:33:31","2020-07-08 16:33:31","'alta':2 'milp':1",False,1
74,"MIGUEL HIDALGO",277,"","",NULL,"2020-07-08 16:33:31","2020-07-08 16:33:31","'hidalg':2 'miguel':1",False,1
75,"MAGDALENA CONTRERAS",276,"","",NULL,"2020-07-08 16:33:31","2020-07-08 16:33:31","'contrer':2 'magdalen':1",False,1
76,"IZTAPALAPA",275,"","",NULL,"2020-07-08 16:33:31","2020-07-08 16:33:31","'iztapalap':1",False,1
77,"IZTACALCO",274,"","",NULL,"2020-07-08 16:33:31","2020-07-08 16:33:31","'iztacalc':1",False,1
78,"GUSTAVO A. MADERO",273,"","",NULL,"2020-07-08 16:33:31","2020-07-08 16:33:31","'gustav':1 'mader':3",False,1
79,"CUAJIMALPA DE MORELOS",271,"","",NULL,"2020-07-08 16:33:31","2020-07-08 16:33:31","'cuajimalp':1 'morel':3",False,1
80,"COYOACÁN",270,"","",NULL,"2020-07-08 16:33:31","2020-07-08 16:33:31","'coyoacan':1",False,1
81,"BENITO JUÁREZ",269,"","",NULL,"2020-07-08 16:33:31","2020-07-08 16:33:31","'benit':1 'juarez':2",False,1
82,"AZCAPOTZALCO",268,"","",NULL,"2020-07-08 16:33:31","2020-07-08 16:33:31","'azcapotzalc':1",False,1
83,"ÁLVARO OBREGÓN",267,"","",NULL,"2020-07-08 16:33:31","2020-07-08 16:33:31","'alvar':1 'obregon':2",False,1
84,"CANATLÁN",284,"","",NULL,"2020-07-08 16:33:31","2020-07-08 16:33:31","'canatlan':1",False,1
85,"VICTORIA DE DURANGO",283,"","",NULL,"2020-07-08 16:33:31","2020-07-08 16:33:31","'durang':3 'victori':1",False,1
86,"SANTA MARÍA DEL ORO",288,"","",NULL,"2020-07-08 16:33:31","2020-07-08 16:33:31","'mar':2 'oro':4 'sant':1",False,1
87,"GÓMEZ PALACIO",290,"","",NULL,"2020-07-08 16:33:31","2020-07-08 16:33:31","'gomez':1 'palaci':2",False,1
88,"CIUDAD LERDO",295,"","",NULL,"2020-07-08 16:33:31","2020-07-08 16:33:31","'ciud':1 'lerd':2",False,1
89,"NOMBRE DE DIOS",299,"","",NULL,"2020-07-08 16:33:31","2020-07-08 16:33:31","'dios':3 'nombr':1",False,1
90,"FRANCISCO I. MADERO",304,"","",NULL,"2020-07-08 16:33:31","2020-07-08 16:33:31","'francisc':1 'i':2 'mader':3",False,1
91,"PEÑÓN BLANCO",305,"","",NULL,"2020-07-08 16:33:31","2020-07-08 16:33:31","'blanc':2 'peñon':1",False,1
92,"EL SALTO",307,"","",NULL,"2020-07-08 16:33:31","2020-07-08 16:33:31","'salt':2",False,1
93,"SAN JUAN DEL RÍO DEL CENTAURO DEL NORTE",312,"","",NULL,"2020-07-08 16:33:31","2020-07-08 16:33:31","'centaur':6 'juan':2 'nort':8 'rio':4 'san':1",False,1
94,"SANTIAGO PAPASQUIARO",316,"","",NULL,"2020-07-08 16:33:31","2020-07-08 16:33:31","'papasquiar':2 'santiag':1",False,1
95,"VICENTE GUERRERO",322,"","",NULL,"2020-07-08 16:33:31","2020-07-08 16:33:31","'guerrer':2 'vicent':1",False,1
96,"ABASOLO",324,"","",NULL,"2020-07-08 16:33:31","2020-07-08 16:33:31","'abasol':1",False,1
97,"ACÁMBARO",325,"","",NULL,"2020-07-08 16:33:31","2020-07-08 16:33:31","'acambar':1",False,1
98,"APASEO EL ALTO",327,"","",NULL,"2020-07-08 16:33:31","2020-07-08 16:33:31","'alto':3 'apase':1",False,1
99,"APASEO EL GRANDE",328,"","",NULL,"2020-07-08 16:33:31","2020-07-08 16:33:31","'apase':1 'grand':3",False,1
100,"CELAYA",330,"","",NULL,"2020-07-08 16:33:31","2020-07-08 16:33:31","'celay':1",False,1
101,"RINCÓN DE TAMAYO",330,"","",NULL,"2020-07-08 16:33:31","2020-07-08 16:33:31","'rincon':1 'tamay':3",False,1
102,"COMONFORT",331,"","",NULL,"2020-07-08 16:33:32","2020-07-08 16:33:32","'comonfort':1",False,1
103,"EMPALME ESCOBEDO",331,"","",NULL,"2020-07-08 16:33:32","2020-07-08 16:33:32","'empalm':1 'escobed':2",False,1
104,"CORTAZAR",333,"","",NULL,"2020-07-08 16:33:32","2020-07-08 16:33:32","'cortaz':1",False,1
105,"CUERÁMARO",334,"","",NULL,"2020-07-08 16:33:32","2020-07-08 16:33:32","'cueramar':1",False,1
106,"DOCTOR MORA",372,"","",NULL,"2020-07-08 16:33:32","2020-07-08 16:33:32","'doctor':1 'mor':2",False,1
107,"DOLORES HIDALGO CUNA DE LA INDEPENDENCIA NACIONAL",335,"","",NULL,"2020-07-08 16:33:32","2020-07-08 16:33:32","'cun':3 'dolor':1 'hidalg':2 'independent':6 'nacional':7",False,1
108,"MARFIL",323,"","",NULL,"2020-07-08 16:33:32","2020-07-08 16:33:32","'marfil':1",False,1
109,"GUANAJUATO",323,"","",NULL,"2020-07-08 16:33:32","2020-07-08 16:33:32","'guanajuat':1",False,1
110,"HUANÍMARO",336,"","",NULL,"2020-07-08 16:33:32","2020-07-08 16:33:32","'huanimar':1",False,1
111,"IRAPUATO",337,"","",NULL,"2020-07-08 16:33:32","2020-07-08 16:33:32","'irapuat':1",False,1
112,"JARAL DEL PROGRESO",338,"","",NULL,"2020-07-08 16:33:32","2020-07-08 16:33:32","'jaral':1 'progres':3",False,1
113,"JERÉCUARO",340,"","",NULL,"2020-07-08 16:33:32","2020-07-08 16:33:32","'jerecuar':1",False,1
114,"LEÓN DE LOS ALDAMA",342,"","",NULL,"2020-07-08 16:33:32","2020-07-08 16:33:32","'aldam':4 'leon':1",False,1
115,"CIUDAD MANUEL DOBLADO",343,"","",NULL,"2020-07-08 16:33:32","2020-07-08 16:33:32","'ciud':1 'dobl':3 'manuel':2",False,1
116,"MOROLEÓN",345,"","",NULL,"2020-07-08 16:33:32","2020-07-08 16:33:32","'moroleon':1",False,1
117,"PÉNJAMO",347,"","",NULL,"2020-07-08 16:33:32","2020-07-08 16:33:32","'penjam':1",False,1
118,"PURÍSIMA DE BUSTOS",350,"","",NULL,"2020-07-08 16:33:32","2020-07-08 16:33:32","'bust':3 'purisim':1",False,1
119,"ROMITA",351,"","",NULL,"2020-07-08 16:33:32","2020-07-08 16:33:32","'romit':1",False,1
120,"SALAMANCA",352,"","",NULL,"2020-07-08 16:33:32","2020-07-08 16:33:32","'salamanc':1",False,1
121,"SALVATIERRA",353,"","",NULL,"2020-07-08 16:33:32","2020-07-08 16:33:32","'salvatierr':1",False,1
122,"SAN DIEGO DE LA UNIÓN",356,"","",NULL,"2020-07-08 16:33:32","2020-07-08 16:33:32","'dieg':2 'san':1 'union':5",False,1
123,"SAN FRANCISCO DEL RINCÓN",360,"","",NULL,"2020-07-08 16:33:32","2020-07-08 16:33:32","'francisc':2 'rincon':4 'san':1",False,1
124,"SAN MIGUEL DE ALLENDE",361,"","",NULL,"2020-07-08 16:33:32","2020-07-08 16:33:32","'allend':4 'miguel':2 'san':1",False,1
125,"SANTIAGO MARAVATÍO",362,"","",NULL,"2020-07-08 16:33:32","2020-07-08 16:33:32","'maravati':2 'santiag':1",False,1
126,"SILAO DE LA VICTORIA",371,"","",NULL,"2020-07-08 16:33:32","2020-07-08 16:33:32","'sila':1 'victori':4",False,1
127,"TARANDACUAO",365,"","",NULL,"2020-07-08 16:33:32","2020-07-08 16:33:32","'tarandacua':1",False,1
128,"URIANGATO",369,"","",NULL,"2020-07-08 16:33:32","2020-07-08 16:33:32","'uriangat':1",False,1
129,"VALLE DE SANTIAGO",370,"","",NULL,"2020-07-08 16:33:32","2020-07-08 16:33:32","'santiag':3 'vall':1",False,1
130,"VILLAGRÁN",374,"","",NULL,"2020-07-08 16:33:32","2020-07-08 16:33:32","'villagran':1",False,1
131,"YURIRIA",376,"","",NULL,"2020-07-08 16:33:32","2020-07-08 16:33:32","'yuriri':1",False,1
132,"ACAPULCO DE JUÁREZ",383,"","",NULL,"2020-07-08 16:33:32","2020-07-08 16:33:32","'acapulc':1 'juarez':3",False,1
133,"CIUDAD APAXTLA DE CASTREJÓN",391,"","",NULL,"2020-07-08 16:33:32","2020-07-08 16:33:32","'apaxtl':2 'castrejon':4 'ciud':1",False,1
134,"ARCELIA",394,"","",NULL,"2020-07-08 16:33:32","2020-07-08 16:33:32","'arceli':1",False,1
135,"ATOYAC DE ÁLVAREZ",399,"","",NULL,"2020-07-08 16:33:32","2020-07-08 16:33:32","'alvarez':3 'atoyac':1",False,1
136,"AYUTLA DE LOS LIBRES",401,"","",NULL,"2020-07-08 16:33:32","2020-07-08 16:33:32","'ayutl':1 'libr':4",False,1
137,"AZOYÚ",402,"","",NULL,"2020-07-08 16:33:32","2020-07-08 16:33:32","'azoyu':1",False,1
138,"BUENAVISTA DE CUÉLLAR",405,"","",NULL,"2020-07-08 16:33:32","2020-07-08 16:33:32","'buenav':1 'cuell':3",False,1
139,"CHILAPA DE ÁLVAREZ",407,"","",NULL,"2020-07-08 16:33:32","2020-07-08 16:33:32","'alvarez':3 'chilap':1",False,1
140,"CHILPANCINGO DE LOS BRAVO",408,"","",NULL,"2020-07-08 16:33:32","2020-07-08 16:33:32","'brav':4 'chilpancing':1",False,1
141,"OCOTITO",408,"","",NULL,"2020-07-08 16:33:32","2020-07-08 16:33:32","'ocotit':1",False,1
142,"COPALA",412,"","",NULL,"2020-07-08 16:33:32","2020-07-08 16:33:32","'copal':1",False,1
143,"COYUCA DE BENÍTEZ",417,"","",NULL,"2020-07-08 16:33:32","2020-07-08 16:33:32","'benitez':3 'coyuc':1",False,1
144,"COYUCA DE CATALÁN",418,"","",NULL,"2020-07-08 16:33:32","2020-07-08 16:33:32","'catalan':3 'coyuc':1",False,1
145,"CUAJINICUILAPA",420,"","",NULL,"2020-07-08 16:33:32","2020-07-08 16:33:32","'cuajinicuilap':1",False,1
146,"CUTZAMALA DE PINZÓN",427,"","",NULL,"2020-07-08 16:33:32","2020-07-08 16:33:32","'cutzamal':1 'pinzon':3",False,1
147,"ZUMPANGO DEL RÍO",428,"","",NULL,"2020-07-08 16:33:32","2020-07-08 16:33:32","'rio':3 'zumpang':1",False,1
148,"CRUZ GRANDE",430,"","",NULL,"2020-07-08 16:33:32","2020-07-08 16:33:32","'cruz':1 'grand':2",False,1
149,"HUAMUXTITLÁN",435,"","",NULL,"2020-07-08 16:33:32","2020-07-08 16:33:32","'huamuxtitlan':1",False,1
150,"HUITZUCO",436,"","",NULL,"2020-07-08 16:33:32","2020-07-08 16:33:32","'huitzuc':1",False,1
151,"IGUALA DE LA INDEPENDENCIA",437,"","",NULL,"2020-07-08 16:33:32","2020-07-08 16:33:32","'igual':1 'independent':4",False,1
152,"""TIERRA COLORADA	""",442,"","",NULL,"2020-07-08 16:33:32","2020-07-08 16:33:32","'color':2 'tierr':1",False,1
153,"LA UNIÓN",445,"","",NULL,"2020-07-08 16:33:32","2020-07-08 16:33:32","'union':2",False,1
154,"MARQUELIA",449,"","",NULL,"2020-07-08 16:33:32","2020-07-08 16:33:32","'marqueli':1",False,1
155,"OLINALÁ",453,"","",NULL,"2020-07-08 16:33:32","2020-07-08 16:33:32","'olinal':1",False,1
156,"PETATLÁN",456,"","",NULL,"2020-07-08 16:33:32","2020-07-08 16:33:32","'petatlan':1",False,1
157,"CIUDAD ALTAMIRANO",458,"","",NULL,"2020-07-08 16:33:32","2020-07-08 16:33:32","'altamiran':2 'ciud':1",False,1
158,"SAN LUIS ACATLÁN",460,"","",NULL,"2020-07-08 16:33:32","2020-07-08 16:33:32","'acatlan':3 'luis':2 'san':1",False,1
159,"SAN MARCOS",461,"","",NULL,"2020-07-08 16:33:32","2020-07-08 16:33:32","'marc':2 'san':1",False,1
160,"TAXCO DE ALARCÓN",463,"","",NULL,"2020-07-08 16:33:32","2020-07-08 16:33:32","'alarcon':3 'taxc':1",False,1
161,"TÉCPAN DE GALEANA",465,"","",NULL,"2020-07-08 16:33:32","2020-07-08 16:33:32","'galean':3 'tecp':1",False,1
162,"SAN LUIS DE LA LOMA",465,"","",NULL,"2020-07-08 16:33:32","2020-07-08 16:33:32","'lom':5 'luis':2 'san':1",False,1
163,"SAN LUIS SAN PEDRO",465,"","",NULL,"2020-07-08 16:33:32","2020-07-08 16:33:32","'luis':2 'pedr':4 'san':1,3",False,1
164,"TELOLOAPAN",466,"","",NULL,"2020-07-08 16:33:32","2020-07-08 16:33:32","'teloloap':1",False,1
165,"TIXTLA DE GUERRERO",469,"","",NULL,"2020-07-08 16:33:32","2020-07-08 16:33:32","'guerrer':3 'tixtl':1",False,1
166,"TLAPA DE COMONFORT",474,"","",NULL,"2020-07-08 16:33:32","2020-07-08 16:33:32","'comonfort':3 'tlap':1",False,1
167,"TLAPEHUALA",475,"","",NULL,"2020-07-08 16:33:32","2020-07-08 16:33:32","'tlapehual':1",False,1
168,"ZIHUATANEJO",480,"","",NULL,"2020-07-08 16:33:32","2020-07-08 16:33:32","'zihuatanej':1",False,1
169,"APATZINGÁN DE LA CONSTITUCIÓN",1073,"","",NULL,"2020-07-08 16:33:32","2020-07-08 16:33:32","'apatzingan':1 'constitu':4",False,1
170,"COTIJA DE LA PAZ",1113,"","",NULL,"2020-07-08 16:33:32","2020-07-08 16:33:32","'cotij':1 'paz':4",False,1
171,"CUITZEO DEL PORVENIR",1124,"","",NULL,"2020-07-08 16:33:32","2020-07-08 16:33:32","'cuitze':1 'porven':3",False,1
172,"HUETAMO DE NÚÑEZ",1136,"","",NULL,"2020-07-08 16:33:32","2020-07-08 16:33:32","'huetam':1 'nuñez':3",False,1
173,"""JACONA DE PLANCARTE	""",1141,"","",NULL,"2020-07-08 16:33:32","2020-07-08 16:33:32","'jacon':1 'plancart':3",False,1
174,"JIQUILPAN DE JUÁREZ",1145,"","",NULL,"2020-07-08 16:33:32","2020-07-08 16:33:32","'jiquilp':1 'juarez':3",False,1
175,"LA PIEDAD DE CABADAS",1156,"","",NULL,"2020-07-08 16:33:32","2020-07-08 16:33:32","'cab':4 'pied':2",False,1
176,"CIUDAD LÁZARO CÁRDENAS",1158,"","",NULL,"2020-07-08 16:33:32","2020-07-08 16:33:32","'carden':3 'ciud':1 'lazar':2",False,1
177,"LAS GUACAMAYAS",1158,"","",NULL,"2020-07-08 16:33:32","2020-07-08 16:33:32","'guacamay':2",False,1
178,"LOS REYES DE SALGADO",1159,"","",NULL,"2020-07-08 16:33:32","2020-07-08 16:33:32","'rey':2 'salg':4",False,1
179,"MARAVATÍO DE OCAMPO",1180,"","",NULL,"2020-07-08 16:33:32","2020-07-08 16:33:32","'maravati':1 'ocamp':3",False,1
180,"MORELIA",1184,"","",NULL,"2020-07-08 16:33:32","2020-07-08 16:33:32","'moreli':1",False,1
181,"""NUEVA ITALIA DE RUIZ	""",1187,"","",NULL,"2020-07-08 16:33:32","2020-07-08 16:33:32","'itali':2 'nuev':1 'ruiz':4",False,1
182,"PARACHO DE VERDUZCO",1201,"","",NULL,"2020-07-08 16:33:32","2020-07-08 16:33:32","'parach':1 'verduzc':3",False,1
183,"PÁTZCUARO",1205,"","",NULL,"2020-07-08 16:33:32","2020-07-08 16:33:32","'patzcuar':1",False,1
184,"PURUÁNDIRO",1211,"","",NULL,"2020-07-08 16:33:32","2020-07-08 16:33:32","'puruandir':1",False,1
185,"SAHUAYO DE MORELOS",1216,"","",NULL,"2020-07-08 16:33:32","2020-07-08 16:33:32","'morel':3 'sahuay':1",False,1
186,"TANGANCÍCUARO DE ARISTA",1230,"","",NULL,"2020-07-08 16:33:32","2020-07-08 16:33:32","'arist':3 'tangancicuar':1",False,1
187,"TUXPAN",1265,"","",NULL,"2020-07-08 16:33:32","2020-07-08 16:33:32","'tuxp':1",False,1
188,"URUAPAN",1272,"","",NULL,"2020-07-08 16:33:32","2020-07-08 16:33:32","'uruap':1",False,1
189,"YURÉCUARO",1280,"","",NULL,"2020-07-08 16:33:32","2020-07-08 16:33:32","'yurecuar':1",False,1
190,"ZACAPU",1281,"","",NULL,"2020-07-08 16:33:32","2020-07-08 16:33:32","'zacapu':1",False,1
191,"ZAMORA DE HIDALGO",1283,"","",NULL,"2020-07-08 16:33:32","2020-07-08 16:33:32","'hidalg':3 'zamor':1",False,1
192,"ZINAPÉCUARO DE FIGUEROA",1286,"","",NULL,"2020-07-08 16:33:32","2020-07-08 16:33:32","'figuero':3 'zinapecuar':1",False,1
193,"HERÓICA ZITÁCUARO",1289,"","",NULL,"2020-07-08 16:33:32","2020-07-08 16:33:32","'heroic':1 'zitacuar':2",False,1
194,"CUAUTLA",359,"","",NULL,"2020-07-08 16:33:32","2020-07-08 16:33:32","'cuautl':1",False,1
195,"CUERNAVACA",326,"","",NULL,"2020-07-08 16:33:32","2020-07-08 16:33:32","'cuernavac':1",False,1
196,"JIUTEPEC",377,"","",NULL,"2020-07-08 16:33:32","2020-07-08 16:33:32","'jiutepec':1",False,1
197,"JOJUTLA",378,"","",NULL,"2020-07-08 16:33:32","2020-07-08 16:33:32","'jojutl':1",False,1
198,"PUENTE DE IXTLA",388,"","",NULL,"2020-07-08 16:33:32","2020-07-08 16:33:32","'ixtla':3 'puent':1",False,1
199,"TEMIXCO",392,"","",NULL,"2020-07-08 16:33:32","2020-07-08 16:33:32","'temixc':1",False,1
200,"SANTA ROSA TREINTA",419,"","",NULL,"2020-07-08 16:33:32","2020-07-08 16:33:32","'ros':2 'sant':1 'treint':3",False,1
201,"TLAQUILTENANGO",422,"","",NULL,"2020-07-08 16:33:32","2020-07-08 16:33:32","'tlaquiltenang':1",False,1
202,"YAUTEPEC DE ZARAGOZA",432,"","",NULL,"2020-07-08 16:33:32","2020-07-08 16:33:32","'yautepec':1 'zaragoz':3",False,1
203,"ZACATEPEC DE HIDALGO",444,"","",NULL,"2020-07-08 16:33:32","2020-07-08 16:33:32","'hidalg':3 'zacatepec':1",False,1
204,"VICENTE CAMALOTE",641,"","",NULL,"2020-07-08 16:33:32","2020-07-08 16:33:32","'camalot':2 'vicent':1",False,1
205,"ASUNCIÓN NOCHIXTLÁN",652,"","",NULL,"2020-07-08 16:33:32","2020-07-08 16:33:32","'asuncion':1 'nochixtlan':2",False,1
206,"CHAHUITES",672,"","",NULL,"2020-07-08 16:33:32","2020-07-08 16:33:32","'chahuit':1",False,1
207,"CIUDAD IXTEPEC",685,"","",NULL,"2020-07-08 16:33:32","2020-07-08 16:33:32","'ciud':1 'ixtepec':2",False,1
208,"COSOLAPA",699,"","",NULL,"2020-07-08 16:33:32","2020-07-08 16:33:32","'cosolap':1",False,1
209,"LAGUNAS",709,"","",NULL,"2020-07-08 16:33:32","2020-07-08 16:33:32","'lagun':1",False,1
210,"HEROICA CIUDAD DE EJUTLA DE CRESPO",736,"","",NULL,"2020-07-08 16:33:32","2020-07-08 16:33:32","'ciud':2 'cresp':6 'ejutl':4 'heroic':1",False,1
211,"HEROICA CIUDAD DE HUAJUAPAN DE LEÓN",739,"","",NULL,"2020-07-08 16:33:32","2020-07-08 16:33:32","'ciud':2 'heroic':1 'huajuap':4 'leon':6",False,1
212,"JUCHITÁN",763,"","",NULL,"2020-07-08 16:33:32","2020-07-08 16:33:32","'juchitan':1",False,1
213,"HEROICA CIUDAD DE TLAXIACO",741,"","",NULL,"2020-07-08 16:33:32","2020-07-08 16:33:32","'ciud':2 'heroic':1 'tlaxiac':4",False,1
214,"LOMA BONITA",779,"","",NULL,"2020-07-08 16:33:32","2020-07-08 16:33:32","'bonit':2 'lom':1",False,1
215,"MARISCALA DE JUÁREZ",813,"","",NULL,"2020-07-08 16:33:32","2020-07-08 16:33:32","'juarez':3 'mariscal':1",False,1
216,"MATÍAS ROMERO AVENDAÑO",818,"","",NULL,"2020-07-08 16:33:32","2020-07-08 16:33:32","'avendañ':3 'mat':1 'romer':2",False,1
217,"MIAHUATLÁN DE PORFIRIO DÍAZ",836,"","",NULL,"2020-07-08 16:33:32","2020-07-08 16:33:32","'diaz':4 'miahuatlan':1 'porfiri':3",False,1
218,"NATIVIDAD",844,"","",NULL,"2020-07-08 16:33:32","2020-07-08 16:33:32","'nativ':1",False,1
219,"EL CAMARÓN",849,"","",NULL,"2020-07-08 16:33:32","2020-07-08 16:33:32","'camaron':2",False,1
220,"OAXACA DE JUÁREZ",854,"","",NULL,"2020-07-08 16:33:32","2020-07-08 16:33:32","'juarez':3 'oaxac':1",False,1
221,"OCOTLÁN DE MORELOS",856,"","",NULL,"2020-07-08 16:33:32","2020-07-08 16:33:32","'morel':3 'ocotlan':1",False,1
222,"PUTLA VILLA DE GUERRERO",864,"","",NULL,"2020-07-08 16:33:32","2020-07-08 16:33:32","'guerrer':4 'putl':1 'vill':2",False,1
223,"SALINA CRUZ",874,"","",NULL,"2020-07-08 16:33:32","2020-07-08 16:33:32","'cruz':2 'salin':1",False,1
224,"SAN ANTONIO DE LA CAL",918,"","",NULL,"2020-07-08 16:33:32","2020-07-08 16:33:32","'antoni':2 'cal':5 'san':1",False,1
225,"SAN BLAS ATEMPA",955,"","",NULL,"2020-07-08 16:33:32","2020-07-08 16:33:32","'atemp':3 'blas':2 'san':1",False,1
226,"SAN FELIPE JALAPA DE DÍAZ",976,"","",NULL,"2020-07-08 16:33:32","2020-07-08 16:33:32","'diaz':5 'felip':2 'jalap':3 'san':1",False,1
227,"SAN FRANCISCO IXHUATÁN",991,"","",NULL,"2020-07-08 16:33:32","2020-07-08 16:33:32","'francisc':2 'ixhuatan':3 'san':1",False,1
228,"SAN FRANCISCO TELIXTLAHUACA",1006,"","",NULL,"2020-07-08 16:33:32","2020-07-08 16:33:32","'francisc':2 'san':1 'telixtlahuac':3",False,1
229,"SAN JUAN BAUTISTA CUICATLÁN",1067,"","",NULL,"2020-07-08 16:33:32","2020-07-08 16:33:32","'bautist':3 'cuicatlan':4 'juan':2 'san':1",False,1
230,"SAN JUAN BAUTISTA LO DE SOTO",1083,"","",NULL,"2020-07-08 16:33:32","2020-07-08 16:33:32","'bautist':3 'juan':2 'san':1 'sot':6",False,1
231,"SAN JUAN BAUTISTA TUXTEPEC",1096,"","",NULL,"2020-07-08 16:33:32","2020-07-08 16:33:32","'bautist':3 'juan':2 'san':1 'tuxtepec':4",False,1
232,"SAN JUAN BAUTISTA VALLE NACIONAL",1099,"","",NULL,"2020-07-08 16:33:32","2020-07-08 16:33:32","'bautist':3 'juan':2 'nacional':5 'san':1 'vall':4",False,1
233,"SAN JUAN CACAHUATEPEC",1101,"","",NULL,"2020-07-08 16:33:32","2020-07-08 16:33:32","'cacahuatepec':3 'juan':2 'san':1",False,1
234,"SAN MIGUEL EL GRANDE",1249,"","",NULL,"2020-07-08 16:33:32","2020-07-08 16:33:32","'grand':4 'miguel':2 'san':1",False,1
235,"SAN PABLO HUITZO",1294,"","",NULL,"2020-07-08 16:33:32","2020-07-08 16:33:32","'huitz':3 'pabl':2 'san':1",False,1
236,"SAN PABLO VILLA DE MITLA",1298,"","",NULL,"2020-07-08 16:33:32","2020-07-08 16:33:32","'mitl':5 'pabl':2 'san':1 'vill':3",False,1
237,"PUERTO ESCONDIDO",1378,"","",NULL,"2020-07-08 16:33:32","2020-07-08 16:33:32","'escond':2 'puert':1",False,1
238,"SAN PEDRO MIXTEPEC DISTRITO 22",1378,"","",NULL,"2020-07-08 16:33:32","2020-07-08 16:33:32","'22':5 'distrit':4 'mixtepec':3 'pedr':2 'san':1",False,1
239,"SAN PEDRO POCHUTLA",1384,"","",NULL,"2020-07-08 16:33:32","2020-07-08 16:33:32","'pedr':2 'pochutl':3 'san':1",False,1
240,"SAN PEDRO TAPANATEPEC",1387,"","",NULL,"2020-07-08 16:33:32","2020-07-08 16:33:32","'pedr':2 'san':1 'tapanatepec':3",False,1
241,"SAN PEDRO TOTOLÁPAM",1394,"","",NULL,"2020-07-08 16:33:32","2020-07-08 16:33:32","'pedr':2 'san':1 'totolapam':3",False,1
242,"SAN SEBASTIÁN TECOMAXTLAHUACA",1407,"","",NULL,"2020-07-08 16:33:32","2020-07-08 16:33:32","'san':1 'sebastian':2 'tecomaxtlahuac':3",False,1
243,"EL ROSARIO",1409,"","",NULL,"2020-07-08 16:33:32","2020-07-08 16:33:32","'rosari':2",False,1
244,"SANTA CRUZ ITUNDUJIA",1440,"","",NULL,"2020-07-08 16:33:32","2020-07-08 16:33:32","'cruz':2 'itunduji':3 'sant':1",False,1
245,"SANTA LUCÍA DEL CAMINO",1492,"","",NULL,"2020-07-08 16:33:32","2020-07-08 16:33:32","'camin':4 'luc':2 'sant':1",False,1
246,"SANTA MARÍA HUATULCO",1524,"","",NULL,"2020-07-08 16:33:32","2020-07-08 16:33:32","'huatulc':3 'mar':2 'sant':1",False,1
247,"BAHIAS DE HUATULCO",1524,"","",NULL,"2020-07-08 16:33:32","2020-07-08 16:33:32","'bahi':1 'huatulc':3",False,1
248,"SANTIAGO JAMILTEPEC",1632,"","",NULL,"2020-07-08 16:33:32","2020-07-08 16:33:32","'jamiltepec':2 'santiag':1",False,1
249,"SANTIAGO JUXTLAHUACA",1637,"","",NULL,"2020-07-08 16:33:32","2020-07-08 16:33:32","'juxtlahuac':2 'santiag':1",False,1
250,"SANTIAGO PINOTEPA NACIONAL",1659,"","",NULL,"2020-07-08 16:33:32","2020-07-08 16:33:32","'nacional':3 'pinotep':2 'santiag':1",False,1
251,"SANTIAGO SUCHILQUITONGO",1661,"","",NULL,"2020-07-08 16:33:32","2020-07-08 16:33:32","'santiag':1 'suchilquitong':2",False,1
252,"SANTO DOMINGO TEHUANTEPEC",1715,"","",NULL,"2020-07-08 16:33:32","2020-07-08 16:33:32","'doming':2 'sant':1 'tehuantepec':3",False,1
253,"TEOTITLÁN DE FLORES MAGÓN",1797,"","",NULL,"2020-07-08 16:33:32","2020-07-08 16:33:32","'flor':3 'magon':4 'teotitlan':1",False,1
254,"TLACOLULA DE MATAMOROS",1808,"","",NULL,"2020-07-08 16:33:32","2020-07-08 16:33:32","'matamor':3 'tlacolul':1",False,1
255,"UNIÓN HIDALGO",1816,"","",NULL,"2020-07-08 16:33:32","2020-07-08 16:33:32","'hidalg':2 'union':1",False,1
256,"VILLA DE TAMAZULÁPAM DEL PROGRESO",1824,"","",NULL,"2020-07-08 16:33:32","2020-07-08 16:33:32","'progres':5 'tamazulapam':3 'vill':1",False,1
257,"RÍO GRANDE O PIEDRA PARADA",1827,"","",NULL,"2020-07-08 16:33:32","2020-07-08 16:33:32","'grand':2 'par':5 'piedr':4 'rio':1",False,1
258,"VILLA SOLA DE VEGA",1837,"","",NULL,"2020-07-08 16:33:32","2020-07-08 16:33:32","'sol':2 'veg':4 'vill':1",False,1
259,"ZIMATLÁN DE ÁLVAREZ",1859,"","",NULL,"2020-07-08 16:33:32","2020-07-08 16:33:32","'alvarez':3 'zimatlan':1",False,1
260,"EL PUEBLITO",2209,"","",NULL,"2020-07-08 16:33:32","2020-07-08 16:33:32","'pueblit':2",False,1
261,"SANTIAGO DE QUERÉTARO",2221,"","",NULL,"2020-07-08 16:33:32","2020-07-08 16:33:32","'queretar':3 'santiag':1",False,1
262,"BACALAR",2254,"","",NULL,"2020-07-08 16:33:32","2020-07-08 16:33:32","'bacal':1",False,1
263,"COZUMEL",2235,"","",NULL,"2020-07-08 16:33:32","2020-07-08 16:33:32","'cozumel':1",False,1
264,"FELIPE CARRILLO PUERTO",2238,"","",NULL,"2020-07-08 16:33:32","2020-07-08 16:33:32","'carrill':2 'felip':1 'puert':3",False,1
265,"ISLA MUJERES",2240,"","",NULL,"2020-07-08 16:33:32","2020-07-08 16:33:32","'isla':1 'mujer':2",False,1
266,"CHETUMAL",2242,"","",NULL,"2020-07-08 16:33:32","2020-07-08 16:33:32","'chetumal':1",False,1
267,"PLAYA DEL CARMEN",2250,"","",NULL,"2020-07-08 16:33:32","2020-07-08 16:33:32","'carm':3 'play':1",False,1
268,"CÁRDENAS",2323,"","",NULL,"2020-07-08 16:33:32","2020-07-08 16:33:32","'carden':1",False,1
269,"CEDRAL",2325,"","",NULL,"2020-07-08 16:33:32","2020-07-08 16:33:32","'cedral':1",False,1
270,"CERRITOS",2326,"","",NULL,"2020-07-08 16:33:32","2020-07-08 16:33:32","'cerrit':1",False,1
271,"CHARCAS",2328,"","",NULL,"2020-07-08 16:33:32","2020-07-08 16:33:32","'charc':1",False,1
272,"CIUDAD DEL MAÍZ",2329,"","",NULL,"2020-07-08 16:33:32","2020-07-08 16:33:32","'ciud':1 'maiz':3",False,1
273,"FRACCIÓN EL REFUGIO",2330,"","",NULL,"2020-07-08 16:33:32","2020-07-08 16:33:32","'fraccion':1 'refugi':3",False,1
274,"CIUDAD VALLES",2331,"","",NULL,"2020-07-08 16:33:32","2020-07-08 16:33:32","'ciud':1 'vall':2",False,1
275,"ÉBANO",2333,"","",NULL,"2020-07-08 16:33:32","2020-07-08 16:33:32","'eban':1",False,1
276,"EL NARANJO",2334,"","",NULL,"2020-07-08 16:33:32","2020-07-08 16:33:32","'naranj':2",False,1
277,"MATEHUALA",2340,"","",NULL,"2020-07-08 16:33:32","2020-07-08 16:33:32","'matehual':1",False,1
278,"RIOVERDE",2346,"","",NULL,"2020-07-08 16:33:32","2020-07-08 16:33:32","'rioverd':1",False,1
279,"SALINAS DE HIDALGO",2390,"","",NULL,"2020-07-08 16:33:32","2020-07-08 16:33:32","'hidalg':3 'salin':1",False,1
280,"SAN LUIS POTOSÍ",2350,"","",NULL,"2020-07-08 16:33:32","2020-07-08 16:33:32","'luis':2 'potos':3 'san':1",False,1
281,"SANTA MARÍA DEL RÍO",2354,"","",NULL,"2020-07-08 16:33:32","2020-07-08 16:33:32","'mar':2 'rio':4 'sant':1",False,1
282,"SOLEDAD DE GRACIANO SÁNCHEZ",2358,"","",NULL,"2020-07-08 16:33:32","2020-07-08 16:33:32","'gracian':3 'sanchez':4 'soled':1",False,1
283,"TAMASOPO",2359,"","",NULL,"2020-07-08 16:33:32","2020-07-08 16:33:32","'tamasop':1",False,1
284,"TAMAZUNCHALE",2361,"","",NULL,"2020-07-08 16:33:32","2020-07-08 16:33:32","'tamazunchal':1",False,1
285,"TAMUÍN",2365,"","",NULL,"2020-07-08 16:33:32","2020-07-08 16:33:32","'tamuin':1",False,1
286,"TIERRA NUEVA",2373,"","",NULL,"2020-07-08 16:33:32","2020-07-08 16:33:32","'nuev':2 'tierr':1",False,1
287,"VILLA DE REYES",2389,"","",NULL,"2020-07-08 16:33:32","2020-07-08 16:33:32","'rey':3 'vill':1",False,1
288,"AGUA PRIETA",2396,"","",NULL,"2020-07-08 16:33:32","2020-07-08 16:33:32","'agu':1 'priet':2",False,1
289,"HEROICA CABORCA",2412,"","",NULL,"2020-07-08 16:33:32","2020-07-08 16:33:32","'caborc':2 'heroic':1",False,1
290,"CIUDAD OBREGÓN",2413,"","",NULL,"2020-07-08 16:33:32","2020-07-08 16:33:32","'ciud':1 'obregon':2",False,1
291,"HEROICA CIUDAD DE CANANEA",2414,"","",NULL,"2020-07-08 16:33:32","2020-07-08 16:33:32","'canane':4 'ciud':2 'heroic':1",False,1
292,"EMPALME",2419,"","",NULL,"2020-07-08 16:33:32","2020-07-08 16:33:32","'empalm':1",False,1
293,"SONOYTA",2422,"","",NULL,"2020-07-08 16:33:32","2020-07-08 16:33:32","'sonoyt':1",False,1
294,"HEROICA GUAYMAS",2424,"","",NULL,"2020-07-08 16:33:32","2020-07-08 16:33:32","'guaym':2 'heroic':1",False,1
295,"HERMOSILLO",2394,"","",NULL,"2020-07-08 16:33:32","2020-07-08 16:33:32","'hermosill':1",False,1
296,"HUATABAMPO",2427,"","",NULL,"2020-07-08 16:33:32","2020-07-08 16:33:32","'huatabamp':1",False,1
297,"NAVOJOA",2436,"","",NULL,"2020-07-08 16:33:32","2020-07-08 16:33:32","'navojo':1",False,1
298,"PUERTO PEÑASCO",2442,"","",NULL,"2020-07-08 16:33:32","2020-07-08 16:33:32","'peñasc':2 'puert':1",False,1
299,"SAN LUIS RÍO COLORADO",2450,"","",NULL,"2020-07-08 16:33:32","2020-07-08 16:33:32","'color':4 'luis':2 'rio':3 'san':1",False,1
300,"CÁRDENAS",2339,"","",NULL,"2020-07-08 16:33:32","2020-07-08 16:33:32","'carden':1",False,1
301,"FRONTERA",2341,"","",NULL,"2020-07-08 16:33:32","2020-07-08 16:33:32","'fronter':1",False,1
302,"VILLAHERMOSA",2356,"","",NULL,"2020-07-08 16:33:32","2020-07-08 16:33:32","'villaherm':1",False,1
303,"TECOLUTILLA",2364,"","",NULL,"2020-07-08 16:33:32","2020-07-08 16:33:32","'tecolutill':1",False,1
304,"COMALCALCO",2364,"","",NULL,"2020-07-08 16:33:32","2020-07-08 16:33:32","'comalcalc':1",False,1
305,"CUNDUACÁN",2366,"","",NULL,"2020-07-08 16:33:32","2020-07-08 16:33:32","'cunduacan':1",False,1
306,"EMILIANO ZAPATA",2368,"","",NULL,"2020-07-08 16:33:32","2020-07-08 16:33:32","'emilian':1 'zapat':2",False,1
307,"HUIMANGUILLO",2370,"","",NULL,"2020-07-08 16:33:32","2020-07-08 16:33:32","'huimanguill':1",False,1
308,"JALPA DE MÉNDEZ",2375,"","",NULL,"2020-07-08 16:33:32","2020-07-08 16:33:32","'jalp':1 'mendez':3",False,1
309,"MACUSPANA",2379,"","",NULL,"2020-07-08 16:33:32","2020-07-08 16:33:32","'macuspan':1",False,1
310,"PARAÍSO",2382,"","",NULL,"2020-07-08 16:33:32","2020-07-08 16:33:32","'parais':1",False,1
311,"TEAPA",2384,"","",NULL,"2020-07-08 16:33:32","2020-07-08 16:33:32","'teap':1",False,1
312,"TENOSIQUE DE PINO SUÁREZ",2385,"","",NULL,"2020-07-08 16:33:32","2020-07-08 16:33:32","'pin':3 'suarez':4 'tenosiqu':1",False,1
313,"ALTAMIRA",2107,"","",NULL,"2020-07-08 16:33:32","2020-07-08 16:33:32","'altamir':1",False,1
314,"CIUDAD CAMARGO",2112,"","",NULL,"2020-07-08 16:33:32","2020-07-08 16:33:32","'camarg':2 'ciud':1",False,1
315,"CIUDAD MANTE",2134,"","",NULL,"2020-07-08 16:33:32","2020-07-08 16:33:32","'ciud':1 'mant':2",False,1
316,"GONZÁLEZ",2119,"","",NULL,"2020-07-08 16:33:32","2020-07-08 16:33:32","'gonzalez':1",False,1
317,"ESTACIÓN MANUEL (ÚRSULO GALVÁN)",2119,"","",NULL,"2020-07-08 16:33:32","2020-07-08 16:33:32","'estacion':1 'galvan':4 'manuel':2 'ursul':3",False,1
318,"CIUDAD GUSTAVO DÍAZ ORDAZ",2122,"","",NULL,"2020-07-08 16:33:32","2020-07-08 16:33:32","'ciud':1 'diaz':3 'gustav':2 'ordaz':4",False,1
319,"JAUMAVE",2126,"","",NULL,"2020-07-08 16:33:32","2020-07-08 16:33:32","'jaumav':1",False,1
320,"HEROICA MATAMOROS",2421,"","",NULL,"2020-07-08 16:33:32","2020-07-08 16:33:32","'heroic':1 'matamor':2",False,1
321,"CIUDAD MIGUEL ALEMÁN",2141,"","",NULL,"2020-07-08 16:33:32","2020-07-08 16:33:32","'aleman':3 'ciud':1 'miguel':2",False,1
322,"NUEVO LAREDO",2144,"","",NULL,"2020-07-08 16:33:32","2020-07-08 16:33:32","'lared':2 'nuev':1",False,1
323,"CIUDAD RÍO BRAVO",2153,"","",NULL,"2020-07-08 16:33:32","2020-07-08 16:33:32","'brav':3 'ciud':1 'rio':2",False,1
324,"SAN FERNANDO",2157,"","",NULL,"2020-07-08 16:33:32","2020-07-08 16:33:32","'fern':2 'san':1",False,1
325,"SOTO LA MARINA",2161,"","",NULL,"2020-07-08 16:33:32","2020-07-08 16:33:32","'marin':3 'sot':1",False,1
326,"TAMPICO",2162,"","",NULL,"2020-07-08 16:33:32","2020-07-08 16:33:32","'tampic':1",False,1
327,"CIUDAD TULA",2164,"","",NULL,"2020-07-08 16:33:32","2020-07-08 16:33:32","'ciud':1 'tul':2",False,1
328,"VALLE HERMOSO",2165,"","",NULL,"2020-07-08 16:33:32","2020-07-08 16:33:32","'hermos':2 'vall':1",False,1
329,"CIUDAD VICTORIA",2167,"","",NULL,"2020-07-08 16:33:32","2020-07-08 16:33:32","'ciud':1 'victori':2",False,1
330,"XICOTÉNCATL",2171,"","",NULL,"2020-07-08 16:33:32","2020-07-08 16:33:32","'xicotencatl':1",False,1
331,"ACAYUCAN",1634,"","",NULL,"2020-07-08 16:33:32","2020-07-08 16:33:32","'acayuc':1",False,1
332,"AGUA DULCE",1642,"","",NULL,"2020-07-08 16:33:32","2020-07-08 16:33:32","'agu':1 'dulc':2",False,1
333,"ALTOTONGA",1649,"","",NULL,"2020-07-08 16:33:32","2020-07-08 16:33:32","'altotong':1",False,1
334,"ALVARADO",1651,"","",NULL,"2020-07-08 16:33:32","2020-07-08 16:33:32","'alvar':1",False,1
335,"XALAPA-ENRÍQUEZ",1977,"","",NULL,"2020-07-08 16:33:32","2020-07-08 16:33:32","'enriquez':3 'xalap':2 'xalapa-enriquez':1",False,1
336,"XALAPA",1977,"","",NULL,"2020-07-08 16:33:32","2020-07-08 16:33:32","'xalap':1",False,1
337,"PEROTE",1874,"","",NULL,"2020-07-08 16:33:32","2020-07-08 16:33:32","'perot':1",False,1
338,"BANDERILLA",1679,"","",NULL,"2020-07-08 16:33:32","2020-07-08 16:33:32","'banderill':1",False,1
339,"COATEPEC",1735,"","",NULL,"2020-07-08 16:33:32","2020-07-08 16:33:32","'coatepec':1",False,1
340,"PASO DE OVEJAS",1872,"","",NULL,"2020-07-08 16:33:32","2020-07-08 16:33:32","'ovej':3 'pas':1",False,1
341,"JOSÉ CARDEL",1811,"","",NULL,"2020-07-08 16:33:32","2020-07-08 16:33:32","'cardel':2 'jos':1",False,1
342,"VERACRUZ",1975,"","",NULL,"2020-07-08 16:33:32","2020-07-08 16:33:32","'veracruz':1",False,1
343,"TAMPICO ALTO",1913,"","",NULL,"2020-07-08 16:33:32","2020-07-08 16:33:32","'alto':2 'tampic':1",False,1
344,"TEMPOAL DE SÁNCHEZ",1921,"","",NULL,"2020-07-08 16:33:32","2020-07-08 16:33:32","'sanchez':3 'tempoal':1",False,1
345,"TANTOYUCA",1916,"","",NULL,"2020-07-08 16:33:32","2020-07-08 16:33:32","'tantoyuc':1",False,1
346,"PLATÓN SÁNCHEZ",1876,"","",NULL,"2020-07-08 16:33:32","2020-07-08 16:33:32","'platon':1 'sanchez':2",False,1
347,"NARANJOS",1855,"","",NULL,"2020-07-08 16:33:32","2020-07-08 16:33:32","'naranj':1",False,1
348,"EL HIGO",1757,"","",NULL,"2020-07-08 16:33:32","2020-07-08 16:33:32","'hig':2",False,1
349,"CERRO AZUL",1712,"","",NULL,"2020-07-08 16:33:32","2020-07-08 16:33:32","'azul':2 'cerr':1",False,1
350,"HUAYACOCOTLA",1769,"","",NULL,"2020-07-08 16:33:32","2020-07-08 16:33:32","'huayacocotl':1",False,1
351,"TÚXPAM DE RODRÍGUEZ CANO",1969,"","",NULL,"2020-07-08 16:33:32","2020-07-08 16:33:32","'can':4 'rodriguez':3 'tuxpam':1",False,1
352,"TIHUATLÁN",1934,"","",NULL,"2020-07-08 16:33:32","2020-07-08 16:33:32","'tihuatlan':1",False,1
353,"CAZONES DE HERRERA",1710,"","",NULL,"2020-07-08 16:33:32","2020-07-08 16:33:32","'cazon':1 'herrer':3",False,1
354,"COATZINTLA",1738,"","",NULL,"2020-07-08 16:33:32","2020-07-08 16:33:32","'coatzintl':1",False,1
355,"POZA RICA DE HIDALGO",1880,"","",NULL,"2020-07-08 16:33:32","2020-07-08 16:33:32","'hidalg':4 'poz':1 'ric':2",False,1
356,"GUTIÉRREZ ZAMORA",1764,"","",NULL,"2020-07-08 16:33:32","2020-07-08 16:33:32","'gutierrez':1 'zamor':2",False,1
357,"MARTÍNEZ DE LA TORRE",1834,"","",NULL,"2020-07-08 16:33:32","2020-07-08 16:33:32","'martinez':1 'torr':4",False,1
358,"SAN RAFAEL",1902,"","",NULL,"2020-07-08 16:33:32","2020-07-08 16:33:32","'rafael':2 'san':1",False,1
359,"TLAPACOYAN",1962,"","",NULL,"2020-07-08 16:33:32","2020-07-08 16:33:32","'tlapacoy':1",False,1
360,"YECUATLA",1981,"","",NULL,"2020-07-08 16:33:32","2020-07-08 16:33:32","'yecuatl':1",False,1
361,"PÁNUCO",1867,"","",NULL,"2020-07-08 16:33:32","2020-07-08 16:33:32","'panuc':1",False,1
362,"HUATUSCO DE CHICUELLAR",1766,"","",NULL,"2020-07-08 16:33:32","2020-07-08 16:33:32","'chicuell':3 'huatusc':1",False,1
363,"SOLEDAD DE DOBLADO",1909,"","",NULL,"2020-07-08 16:33:32","2020-07-08 16:33:32","'dobl':3 'soled':1",False,1
364,"BOCA DEL RÍO",1682,"","",NULL,"2020-07-08 16:33:32","2020-07-08 16:33:32","'boc':1 'rio':3",False,1
365,"ORIZABA",1862,"","",NULL,"2020-07-08 16:33:32","2020-07-08 16:33:32","'oriz':1",False,1
366,"IXTACZOQUITLÁN",1793,"","",NULL,"2020-07-08 16:33:32","2020-07-08 16:33:32","'ixtaczoquitlan':1",False,1
367,"FORTÍN DE LAS FLORES",1763,"","",NULL,"2020-07-08 16:33:32","2020-07-08 16:33:32","'flor':4 'fortin':1",False,1
368,"CÓRDOBA",1742,"","",NULL,"2020-07-08 16:33:32","2020-07-08 16:33:32","'cordob':1",False,1
369,"NOGALES",1858,"","",NULL,"2020-07-08 16:33:32","2020-07-08 16:33:32","'nogal':1",False,1
370,"RÍO BLANCO",1892,"","",NULL,"2020-07-08 16:33:32","2020-07-08 16:33:32","'blanc':2 'rio':1",False,1
371,"HUILOAPAN DE CUAUHTÉMOC",1773,"","",NULL,"2020-07-08 16:33:32","2020-07-08 16:33:32","'cuauhtemoc':3 'huiloap':1",False,1
372,"CUITLÁHUAC",1755,"","",NULL,"2020-07-08 16:33:32","2020-07-08 16:33:32","'cuitlahuac':1",False,1
373,"PARAJE NUEVO",1662,"","",NULL,"2020-07-08 16:33:32","2020-07-08 16:33:32","'nuev':2 'paraj':1",False,1
374,"ATOYAC",1673,"","",NULL,"2020-07-08 16:33:32","2020-07-08 16:33:32","'atoyac':1",False,1
375,"GENERAL MIGUEL ALEMÁN (POTRERO NUEVO)",1673,"","",NULL,"2020-07-08 16:33:32","2020-07-08 16:33:32","'aleman':3 'general':1 'miguel':2 'nuev':5 'potrer':4",False,1
376,"PASO DEL MACHO",1869,"","",NULL,"2020-07-08 16:33:32","2020-07-08 16:33:32","'mach':3 'pas':1",False,1
377,"TEZONAPA",1932,"","",NULL,"2020-07-08 16:33:32","2020-07-08 16:33:32","'tezonap':1",False,1
378,"TIERRA BLANCA",1933,"","",NULL,"2020-07-08 16:33:32","2020-07-08 16:33:32","'blanc':2 'tierr':1",False,1
379,"LERDO DE TEJADA",1825,"","",NULL,"2020-07-08 16:33:32","2020-07-08 16:33:32","'lerd':1 'tej':3",False,1
380,"TRES VALLES",1968,"","",NULL,"2020-07-08 16:33:32","2020-07-08 16:33:32","'tres':1 'vall':2",False,1
381,"CARLOS A. CARRILLO",1702,"","",NULL,"2020-07-08 16:33:32","2020-07-08 16:33:32","'carl':1 'carrill':3",False,1
382,"COSAMALOAPAN",1743,"","",NULL,"2020-07-08 16:33:32","2020-07-08 16:33:32","'cosamaloap':1",False,1
383,"TLACOJALPAN",1936,"","",NULL,"2020-07-08 16:33:32","2020-07-08 16:33:32","'tlacojalp':1",False,1
384,"PLAYA VICENTE",1878,"","",NULL,"2020-07-08 16:33:32","2020-07-08 16:33:32","'play':1 'vicent':2",False,1
385,"ISLA",1778,"","",NULL,"2020-07-08 16:33:32","2020-07-08 16:33:32","'isla':1",False,1
386,"JUAN RODRÍGUEZ CLARA",1807,"","",NULL,"2020-07-08 16:33:32","2020-07-08 16:33:32","'clar':3 'juan':1 'rodriguez':2",False,1
387,"SAN ANDRÉS TUXTLA",1899,"","",NULL,"2020-07-08 16:33:32","2020-07-08 16:33:32","'andres':2 'san':1 'tuxtl':3",False,1
388,"SIHUAPAN",1899,"","",NULL,"2020-07-08 16:33:32","2020-07-08 16:33:32","'sihuap':1",False,1
389,"SANTIAGO TUXTLA",1904,"","",NULL,"2020-07-08 16:33:32","2020-07-08 16:33:32","'santiag':1 'tuxtl':2",False,1
390,"ÁNGEL R. CABADA",1664,"","",NULL,"2020-07-08 16:33:32","2020-07-08 16:33:32","'angel':1 'cab':3 'r':2",False,1
391,"JUAN DÍAZ COVARRUBIAS",1771,"","",NULL,"2020-07-08 16:33:32","2020-07-08 16:33:32","'covarrubi':3 'diaz':2 'juan':1",False,1
392,"CATEMACO",1707,"","",NULL,"2020-07-08 16:33:32","2020-07-08 16:33:32","'catemac':1",False,1
393,"JÁLTIPAN DE MORELOS",1798,"","",NULL,"2020-07-08 16:33:32","2020-07-08 16:33:32","'jaltip':1 'morel':3",False,1
394,"COSOLEACAQUE",1747,"","",NULL,"2020-07-08 16:33:32","2020-07-08 16:33:32","'cosoleacaqu':1",False,1
395,"CUICHAPA",1754,"","",NULL,"2020-07-08 16:33:32","2020-07-08 16:33:32","'cuichap':1",False,1
396,"COATZACOALCOS",1737,"","",NULL,"2020-07-08 16:33:32","2020-07-08 16:33:32","'coatzacoalc':1",False,1
397,"MINATITLÁN",1843,"","",NULL,"2020-07-08 16:33:32","2020-07-08 16:33:32","'minatitlan':1",False,1
398,"LAS CHOAPAS",1820,"","",NULL,"2020-07-08 16:33:32","2020-07-08 16:33:32","'choap':2",False,1
399,"ALLENDE",505,"","",NULL,"2020-07-08 16:33:32","2020-07-08 16:33:32","'allend':1",False,1
400,"ARTEAGA",35,"","",NULL,"2020-07-08 16:33:32","2020-07-08 16:33:32","'arteag':1",False,1
401,"CASTAÑOS",37,"","",NULL,"2020-07-08 16:33:32","2020-07-08 16:33:32","'castañ':1",False,1
402,"CIUDAD ACUÑA",33,"","",NULL,"2020-07-08 16:33:32","2020-07-08 16:33:32","'acuñ':2 'ciud':1",False,1
403,"CIUDAD MELCHOR MÚZQUIZ",51,"","",NULL,"2020-07-08 16:33:32","2020-07-08 16:33:32","'ciud':1 'melchor':2 'muzquiz':3",False,1
404,"CUATRO CIÉNEGAS DE CARRANZA",38,"","",NULL,"2020-07-08 16:33:32","2020-07-08 16:33:32","'carranz':4 'cieneg':2 'cuatr':1",False,1
405,"FRANCISCO I. MADERO",40,"","",NULL,"2020-07-08 16:33:32","2020-07-08 16:33:32","'francisc':1 'i':2 'mader':3",False,1
406,"FRONTERA",41,"","",NULL,"2020-07-08 16:33:32","2020-07-08 16:33:32","'fronter':1",False,1
407,"MATAMOROS",48,"","",NULL,"2020-07-08 16:33:32","2020-07-08 16:33:32","'matamor':1",False,1
408,"MONCLOVA",49,"","",NULL,"2020-07-08 16:33:32","2020-07-08 16:33:32","'monclov':1",False,1
409,"MORELOS",50,"","",NULL,"2020-07-08 16:33:32","2020-07-08 16:33:32","'morel':1",False,1
410,"NADADORES",52,"","",NULL,"2020-07-08 16:33:32","2020-07-08 16:33:32","'nadador':1",False,1
411,"NAVA",53,"","",NULL,"2020-07-08 16:33:32","2020-07-08 16:33:32","'nav':1",False,1
412,"NUEVA ROSITA",63,"","",NULL,"2020-07-08 16:33:32","2020-07-08 16:33:32","'nuev':1 'rosit':2",False,1
413,"PARRAS DE LA FUENTE",55,"","",NULL,"2020-07-08 16:33:32","2020-07-08 16:33:32","'fuent':4 'parr':1",False,1
414,"PIEDRAS NEGRAS",56,"","",NULL,"2020-07-08 16:33:32","2020-07-08 16:33:32","'negr':2 'piedr':1",False,1
415,"RAMOS ARIZPE",58,"","",NULL,"2020-07-08 16:33:32","2020-07-08 16:33:32","'arizp':2 'ram':1",False,1
416,"SABINAS",59,"","",NULL,"2020-07-08 16:33:32","2020-07-08 16:33:32","'sabin':1",False,1
417,"SALTILLO",60,"","",NULL,"2020-07-08 16:33:32","2020-07-08 16:33:32","'saltill':1",False,1
418,"SAN BUENAVENTURA",62,"","",NULL,"2020-07-08 16:33:32","2020-07-08 16:33:32","'buenaventur':2 'san':1",False,1
419,"SAN PEDRO",64,"","",NULL,"2020-07-08 16:33:32","2020-07-08 16:33:32","'pedr':2 'san':1",False,1
420,"TORREÓN",66,"","",NULL,"2020-07-08 16:33:32","2020-07-08 16:33:32","'torreon':1",False,1
421,"VIESCA",67,"","",NULL,"2020-07-08 16:33:32","2020-07-08 16:33:32","'viesc':1",False,1
422,"ZARAGOZA",69,"","",NULL,"2020-07-08 16:33:32","2020-07-08 16:33:32","'zaragoz':1",False,1
423,"COLIMA",71,"","",NULL,"2020-07-08 16:33:32","2020-07-08 16:33:32","'colim':1",False,1
424,"MANZANILLO",76,"","",NULL,"2020-07-08 16:33:32","2020-07-08 16:33:32","'manzanill':1",False,1
425,"VILLA DE ÁLVAREZ",78,"","",NULL,"2020-07-08 16:33:32","2020-07-08 16:33:32","'alvarez':3 'vill':1",False,1
426,"ARMERÍA",70,"","",NULL,"2020-07-08 16:33:32","2020-07-08 16:33:32","'armer':1",False,1
427,"ACTOPAN",527,"","",NULL,"2020-07-08 16:33:32","2020-07-08 16:33:32","'actop':1",False,1
428,"APAN",535,"","",NULL,"2020-07-08 16:33:32","2020-07-08 16:33:32","'apan':1",False,1
429,"HUEJUTLA DE REYES",561,"","",NULL,"2020-07-08 16:33:32","2020-07-08 16:33:32","'huejutl':1 'rey':3",False,1
430,"IXMIQUILPAN",564,"","",NULL,"2020-07-08 16:33:32","2020-07-08 16:33:32","'ixmiquilp':1",False,1
431,"PACHUCA DE SOTO",594,"","",NULL,"2020-07-08 16:33:32","2020-07-08 16:33:32","'pachuc':1 'sot':3",False,1
432,"SANTIAGO TULANTEPEC",605,"","",NULL,"2020-07-08 16:33:32","2020-07-08 16:33:32","'santiag':1 'tulantepec':2",False,1
433,"TEPEAPULCO",613,"","",NULL,"2020-07-08 16:33:32","2020-07-08 16:33:32","'tepeapulc':1",False,1
434,"FRAY BERNARDINO DE SAHAGÚN (CIUDAD SAHAGÚN)",613,"","",NULL,"2020-07-08 16:33:32","2020-07-08 16:33:32","'bernardin':2 'ciud':5 'fray':1 'sahagun':4,6",False,1
435,"TEPEJI DEL RÍO DE OCAMPO",617,"","",NULL,"2020-07-08 16:33:32","2020-07-08 16:33:32","'ocamp':5 'rio':3 'tepeji':1",False,1
436,"TIZAYUCA",622,"","",NULL,"2020-07-08 16:33:32","2020-07-08 16:33:32","'tizayuc':1",False,1
437,"TLAXCOAPAN",627,"","",NULL,"2020-07-08 16:33:32","2020-07-08 16:33:32","'tlaxcoap':1",False,1
438,"TULA DE ALLENDE",629,"","",NULL,"2020-07-08 16:33:32","2020-07-08 16:33:32","'allend':3 'tul':1",False,1
439,"TULANCINGO",630,"","",NULL,"2020-07-08 16:33:32","2020-07-08 16:33:32","'tulancing':1",False,1
440,"ZIMAPÁN",638,"","",NULL,"2020-07-08 16:33:32","2020-07-08 16:33:32","'zimapan':1",False,1
441,"ACATLÁN DE JUÁREZ",642,"","",NULL,"2020-07-08 16:33:32","2020-07-08 16:33:32","'acatlan':1 'juarez':3",False,1
442,"AHUALULCO DE MERCADO",645,"","",NULL,"2020-07-08 16:33:32","2020-07-08 16:33:32","'ahualulc':1 'merc':3",False,1
443,"AMECA",650,"","",NULL,"2020-07-08 16:33:32","2020-07-08 16:33:32","'amec':1",False,1
444,"ARANDAS",651,"","",NULL,"2020-07-08 16:33:32","2020-07-08 16:33:32","'arand':1",False,1
445,"ATOTONILCO EL ALTO",658,"","",NULL,"2020-07-08 16:33:32","2020-07-08 16:33:32","'alto':3 'atotonilc':1",False,1
446,"AUTLÁN DE NAVARRO",661,"","",NULL,"2020-07-08 16:33:32","2020-07-08 16:33:32","'autlan':1 'navarr':3",False,1
447,"LA RESOLANA",671,"","",NULL,"2020-07-08 16:33:32","2020-07-08 16:33:32","'resolan':2",False,1
448,"CHAPALA",673,"","",NULL,"2020-07-08 16:33:32","2020-07-08 16:33:32","'chapal':1",False,1
449,"AJIJIC",673,"","",NULL,"2020-07-08 16:33:32","2020-07-08 16:33:32","'ajijic':1",False,1
450,"CIHUATLÁN",677,"","",NULL,"2020-07-08 16:33:32","2020-07-08 16:33:32","'cihuatlan':1",False,1
451,"COCULA",676,"","",NULL,"2020-07-08 16:33:32","2020-07-08 16:33:32","'cocul':1",False,1
452,"COLOTLÁN",680,"","",NULL,"2020-07-08 16:33:32","2020-07-08 16:33:32","'colotlan':1",False,1
453,"EL GRULLO",693,"","",NULL,"2020-07-08 16:33:32","2020-07-08 16:33:32","'grull':2",False,1
454,"EL SALTO",696,"","",NULL,"2020-07-08 16:33:32","2020-07-08 16:33:32","'salt':2",False,1
455,"SAN JOSÉ EL VERDE (EL VERDE)",696,"","",NULL,"2020-07-08 16:33:32","2020-07-08 16:33:32","'jos':2 'san':1 'verd':4,6",False,1
456,"EL QUINCE (SAN JOSÉ EL QUINCE)",696,"","",NULL,"2020-07-08 16:33:32","2020-07-08 16:33:32","'jos':4 'quinc':2,6 'san':3",False,1
457,"LAS PINTITAS",696,"","",NULL,"2020-07-08 16:33:32","2020-07-08 16:33:32","'pintit':2",False,1
458,"ETZATLÁN",700,"","",NULL,"2020-07-08 16:33:32","2020-07-08 16:33:32","'etzatlan':1",False,1
459,"GUADALAJARA",705,"","",NULL,"2020-07-08 16:33:32","2020-07-08 16:33:32","'guadalaj':1",False,1
460,"HUEJUQUILLA EL ALTO",710,"","",NULL,"2020-07-08 16:33:32","2020-07-08 16:33:32","'alto':3 'huejuquill':1",False,1
461,"JALOSTOTITLÁN",714,"","",NULL,"2020-07-08 16:33:32","2020-07-08 16:33:32","'jalostotitlan':1",False,1
462,"JAMAY",715,"","",NULL,"2020-07-08 16:33:32","2020-07-08 16:33:32","'jamay':1",False,1
463,"LA BARCA",724,"","",NULL,"2020-07-08 16:33:32","2020-07-08 16:33:32","'barc':2",False,1
464,"LAGOS DE MORENO",726,"","",NULL,"2020-07-08 16:33:33","2020-07-08 16:33:33","'lag':1 'moren':3",False,1
465,"MAGADALENA",730,"","",NULL,"2020-07-08 16:33:33","2020-07-08 16:33:33","'magadalen':1",False,1
466,"OCOTLÁN",740,"","",NULL,"2020-07-08 16:33:33","2020-07-08 16:33:33","'ocotlan':1",False,1
467,"PONCITLÁN",743,"","",NULL,"2020-07-08 16:33:33","2020-07-08 16:33:33","'poncitlan':1",False,1
468,"SAN DIEGO DE ALEJANDRÍA",747,"","",NULL,"2020-07-08 16:33:33","2020-07-08 16:33:33","'alejandr':4 'dieg':2 'san':1",False,1
469,"SAN IGNACIO CERRO GORDO",749,"","",NULL,"2020-07-08 16:33:33","2020-07-08 16:33:33","'cerr':3 'gord':4 'ignaci':2 'san':1",False,1
470,"SAN JUAN DE LOS LAGOS",750,"","",NULL,"2020-07-08 16:33:33","2020-07-08 16:33:33","'juan':2 'lag':5 'san':1",False,1
471,"SAN JULIÁN",753,"","",NULL,"2020-07-08 16:33:33","2020-07-08 16:33:33","'julian':2 'san':1",False,1
472,"TLAQUEPAQUE",789,"","",NULL,"2020-07-08 16:33:33","2020-07-08 16:33:33","'tlaquepaqu':1",False,1
473,"SAYULA",765,"","",NULL,"2020-07-08 16:33:33","2020-07-08 16:33:33","'sayul':1",False,1
474,"TALA",767,"","",NULL,"2020-07-08 16:33:33","2020-07-08 16:33:33","'tal':1",False,1
475,"TALPA DE ALLENDE",769,"","",NULL,"2020-07-08 16:33:33","2020-07-08 16:33:33","'allend':3 'talp':1",False,1
476,"TAMAZULA DE GORDIANO",771,"","",NULL,"2020-07-08 16:33:33","2020-07-08 16:33:33","'gordian':3 'tamazul':1",False,1
477,"TECALITLÁN",773,"","",NULL,"2020-07-08 16:33:33","2020-07-08 16:33:33","'tecalitlan':1",False,1
478,"TEOCALTICHE",778,"","",NULL,"2020-07-08 16:33:33","2020-07-08 16:33:33","'teocaltich':1",False,1
479,"TEPATITLÁN DE MORELOS",781,"","",NULL,"2020-07-08 16:33:33","2020-07-08 16:33:33","'morel':3 'tepatitlan':1",False,1
480,"TEQUILA",783,"","",NULL,"2020-07-08 16:33:33","2020-07-08 16:33:33","'tequil':1",False,1
481,"TLAJOMULCO DE ZÚÑIGA",788,"","",NULL,"2020-07-08 16:33:33","2020-07-08 16:33:33","'tlajomulc':1 'zuñig':3",False,1
482,"TONALÁ",793,"","",NULL,"2020-07-08 16:33:33","2020-07-08 16:33:33","'tonal':1",False,1
483,"TOTOTLÁN",800,"","",NULL,"2020-07-08 16:33:33","2020-07-08 16:33:33","'tototlan':1",False,1
484,"TUXPAN",804,"","",NULL,"2020-07-08 16:33:33","2020-07-08 16:33:33","'tuxp':1",False,1
485,"UNIÓN DE SAN ANTONIO",805,"","",NULL,"2020-07-08 16:33:33","2020-07-08 16:33:33","'antoni':4 'san':3 'union':1",False,1
486,"VALLE DE GUADALUPE",808,"","",NULL,"2020-07-08 16:33:33","2020-07-08 16:33:33","'guadalup':3 'vall':1",False,1
487,"VILLA HIDALGO",814,"","",NULL,"2020-07-08 16:33:33","2020-07-08 16:33:33","'hidalg':2 'vill':1",False,1
488,"VILLA PURIFICACIÓN",815,"","",NULL,"2020-07-08 16:33:33","2020-07-08 16:33:33","'purif':2 'vill':1",False,1
489,"YAHUALICA DE GONZÁLEZ GALLO",817,"","",NULL,"2020-07-08 16:33:33","2020-07-08 16:33:33","'gall':4 'gonzalez':3 'yahual':1",False,1
490,"ZACOALCO DE TORRES",819,"","",NULL,"2020-07-08 16:33:33","2020-07-08 16:33:33","'torr':3 'zacoalc':1",False,1
491,"ZAPOPAN",821,"","",NULL,"2020-07-08 16:33:33","2020-07-08 16:33:33","'zapop':1",False,1
492,"ZAPOTILTIC",822,"","",NULL,"2020-07-08 16:33:33","2020-07-08 16:33:33","'zapotiltic':1",False,1
493,"CIUDAD GUZMÁN",827,"","",NULL,"2020-07-08 16:33:33","2020-07-08 16:33:33","'ciud':1 'guzman':2",False,1
494,"ALMOLOYA DE JUÁREZ",832,"","",NULL,"2020-07-08 16:33:33","2020-07-08 16:33:33","'almoloy':1 'juarez':3",False,1
495,"CAPULHUAC",853,"","",NULL,"2020-07-08 16:33:33","2020-07-08 16:33:33","'capulhuac':1",False,1
496,"CHALCO DE DÍAZ COVARRUBIAS",863,"","",NULL,"2020-07-08 16:33:33","2020-07-08 16:33:33","'chalc':1 'covarrubi':4 'diaz':3",False,1
497,"CHICOLOAPAN DE JUÁREZ",870,"","",NULL,"2020-07-08 16:33:33","2020-07-08 16:33:33","'chicoloap':1 'juarez':3",False,1
498,"CHICONCUAC",872,"","",NULL,"2020-07-08 16:33:33","2020-07-08 16:33:33","'chiconcuac':1",False,1
499,"CHIMALHUACÁN",873,"","",NULL,"2020-07-08 16:33:33","2020-07-08 16:33:33","'chimalhuacan':1",False,1
500,"COACALCO DE BERRIOZABAL",855,"","",NULL,"2020-07-08 16:33:33","2020-07-08 16:33:33","'berriozabal':3 'coacalc':1",False,1
501,"CUAUTITLÁN",861,"","",NULL,"2020-07-08 16:33:33","2020-07-08 16:33:33","'cuautitlan':1",False,1
502,"CUAUTITLÁN IZCALLI",1052,"","",NULL,"2020-07-08 16:33:33","2020-07-08 16:33:33","'cuautitlan':1 'izcalli':2",False,1
503,"ECATEPEC DE MORELOS",877,"","",NULL,"2020-07-08 16:33:33","2020-07-08 16:33:33","'ecatepec':1 'morel':3",False,1
504,"HUIXQUILUCAN",882,"","",NULL,"2020-07-08 16:33:33","2020-07-08 16:33:33","'huixquiluc':1",False,1
505,"IXTAPALUCA",884,"","",NULL,"2020-07-08 16:33:33","2020-07-08 16:33:33","'ixtapaluc':1",False,1
506,"JUCHITEPEC DE MARIANO RIVAPALACIO",924,"","",NULL,"2020-07-08 16:33:33","2020-07-08 16:33:33","'juchitepec':1 'marian':3 'rivapalaci':4",False,1
507,"LOS REYES ACAQUILPAN (LA PAZ)",960,"","",NULL,"2020-07-08 16:33:33","2020-07-08 16:33:33","'acaquilp':3 'paz':5 'rey':2",False,1
508,"MELCHOR OCAMPO",928,"","",NULL,"2020-07-08 16:33:33","2020-07-08 16:33:33","'melchor':1 'ocamp':2",False,1
509,"METEPEC",930,"","",NULL,"2020-07-08 16:33:33","2020-07-08 16:33:33","'metepec':1",False,1
510,"NAUCALPAN DE JUÁREZ",935,"","",NULL,"2020-07-08 16:33:33","2020-07-08 16:33:33","'juarez':3 'naucalp':1",False,1
511,"CIUDAD NEZAHUALCÓYOT",937,"","",NULL,"2020-07-08 16:33:33","2020-07-08 16:33:33","'ciud':1 'nezahualcoyot':2",False,1
512,"CIUDAD NICOLÁS ROMERO",943,"","",NULL,"2020-07-08 16:33:33","2020-07-08 16:33:33","'ciud':1 'nicolas':2 'romer':3",False,1
513,"OCOYOACAC",946,"","",NULL,"2020-07-08 16:33:33","2020-07-08 16:33:33","'ocoyoacac':1",False,1
514,"SAN MATEO ATENCO",971,"","",NULL,"2020-07-08 16:33:33","2020-07-08 16:33:33","'atenc':3 'mate':2 'san':1",False,1
515,"TECÁMAC DE FELIPE VILLANUEVA",984,"","",NULL,"2020-07-08 16:33:33","2020-07-08 16:33:33","'felip':3 'tecamac':1 'villanuev':4",False,1
516,"TEPOTZOTLÁN",1011,"","",NULL,"2020-07-08 16:33:33","2020-07-08 16:33:33","'tepotzotlan':1",False,1
517,"TEQUIXQUIAC",1013,"","",NULL,"2020-07-08 16:33:33","2020-07-08 16:33:33","'tequixquiac':1",False,1
518,"TEXCOCO DE MORA",1016,"","",NULL,"2020-07-08 16:33:33","2020-07-08 16:33:33","'mor':3 'texcoc':1",False,1
519,"TLALNEPANTLA DE BAZ",1023,"","",NULL,"2020-07-08 16:33:33","2020-07-08 16:33:33","'baz':3 'tlalnepantl':1",False,1
520,"TOLUCA DE LERDO",1027,"","",NULL,"2020-07-08 16:33:33","2020-07-08 16:33:33","'lerd':3 'toluc':1",False,1
521,"SANTA MARIA TULTEPEC",1030,"","",NULL,"2020-07-08 16:33:33","2020-07-08 16:33:33","'mari':2 'sant':1 'tultepec':3",False,1
522,"TULTITLÁN DE MARIANO ESCOBEDO",1032,"","",NULL,"2020-07-08 16:33:33","2020-07-08 16:33:33","'escobed':4 'marian':3 'tultitlan':1",False,1
523,"VALLE DE CHALCO SOLIDARIDAD",1054,"","",NULL,"2020-07-08 16:33:33","2020-07-08 16:33:33","'chalc':3 'solidar':4 'vall':1",False,1
524,"XONACATLÁN",1042,"","",NULL,"2020-07-08 16:33:33","2020-07-08 16:33:33","'xonacatlan':1",False,1
525,"ZUMPANGO",1051,"","",NULL,"2020-07-08 16:33:33","2020-07-08 16:33:33","'zumpang':1",False,1
526,"TECUALA",499,"","",NULL,"2020-07-08 16:33:33","2020-07-08 16:33:33","'tecual':1",False,1
527,"TEPIC",500,"","",NULL,"2020-07-08 16:33:33","2020-07-08 16:33:33","'tepic':1",False,1
528,"FRANCISCO I. MADERO (PUGA)",500,"","",NULL,"2020-07-08 16:33:33","2020-07-08 16:33:33","'francisc':1 'i':2 'mader':3 'pug':4",False,1
529,"TUXPAN",501,"","",NULL,"2020-07-08 16:33:33","2020-07-08 16:33:33","'tuxp':1",False,1
530,"VILLA HIDALGO (EL NUEVO)",498,"","",NULL,"2020-07-08 16:33:33","2020-07-08 16:33:33","'hidalg':2 'nuev':4 'vill':1",False,1
531,"ACAPONETA",483,"","",NULL,"2020-07-08 16:33:33","2020-07-08 16:33:33","'acaponet':1",False,1
532,"COMPOSTELA",487,"","",NULL,"2020-07-08 16:33:33","2020-07-08 16:33:33","'compostel':1",False,1
533,"LAS VARAS",487,"","",NULL,"2020-07-08 16:33:33","2020-07-08 16:33:33","'var':2",False,1
534,"LA PEÑITA DE JALTEMBA",487,"","",NULL,"2020-07-08 16:33:33","2020-07-08 16:33:33","'jaltemb':4 'peñit':2",False,1
535,"RUÍZ",494,"","",NULL,"2020-07-08 16:33:33","2020-07-08 16:33:33","'ruiz':1",False,1
536,"BUCERÍAS",486,"","",NULL,"2020-07-08 16:33:33","2020-07-08 16:33:33","'buc':1",False,1
537,"SAN BLAS",495,"","",NULL,"2020-07-08 16:33:33","2020-07-08 16:33:33","'blas':2 'san':1",False,1
538,"XALISCO",502,"","",NULL,"2020-07-08 16:33:33","2020-07-08 16:33:33","'xalisc':1",False,1
539,"SAN PEDRO LAGUNILLAS",496,"","",NULL,"2020-07-08 16:33:33","2020-07-08 16:33:33","'lagunill':3 'pedr':2 'san':1",False,1
540,"AHUACATLÁN",484,"","",NULL,"2020-07-08 16:33:33","2020-07-08 16:33:33","'ahuacatlan':1",False,1
541,"IXTLÁN DEL RÍO",490,"","",NULL,"2020-07-08 16:33:33","2020-07-08 16:33:33","'ixtlan':1 'rio':3",False,1
542,"JALA",491,"","",NULL,"2020-07-08 16:33:33","2020-07-08 16:33:33","'jal':1",False,1
543,"ANÁHUAC",506,"","",NULL,"2020-07-08 16:33:33","2020-07-08 16:33:33","'anahuac':1",False,1
544,"CIUDAD APODACA",507,"","",NULL,"2020-07-08 16:33:33","2020-07-08 16:33:33","'apodac':2 'ciud':1",False,1
545,"CIÉNEGA DE FLORES",514,"","",NULL,"2020-07-08 16:33:33","2020-07-08 16:33:33","'cieneg':1 'flor':3",False,1
546,"GARCÍA",520,"","",NULL,"2020-07-08 16:33:33","2020-07-08 16:33:33","'garc':1",False,1
547,"CIUDAD GENERAL ESCOBEDO",522,"","",NULL,"2020-07-08 16:33:33","2020-07-08 16:33:33","'ciud':1 'escobed':3 'general':2",False,1
548,"GUADALUPE",533,"","",NULL,"2020-07-08 16:33:33","2020-07-08 16:33:33","'guadalup':1",False,1
549,"HUALAHUISES",541,"","",NULL,"2020-07-08 16:33:33","2020-07-08 16:33:33","'hualahuis':1",False,1
550,"CIUDAD BENITO JUÁREZ",575,"","",NULL,"2020-07-08 16:33:33","2020-07-08 16:33:33","'benit':2 'ciud':1 'juarez':3",False,1
551,"LINARES",551,"","",NULL,"2020-07-08 16:33:33","2020-07-08 16:33:33","'linar':1",False,1
552,"MONTEMORELOS",574,"","",NULL,"2020-07-08 16:33:33","2020-07-08 16:33:33","'montemorel':1",False,1
553,"MONTERREY",575,"","",NULL,"2020-07-08 16:33:33","2020-07-08 16:33:33","'monterrey':1",False,1
554,"CIUDAD SABINAS HIDALGO",582,"","",NULL,"2020-07-08 16:33:33","2020-07-08 16:33:33","'ciud':1 'hidalg':3 'sabin':2",False,1
555,"SAN NICOLÁS DE LOS GARZA",604,"","",NULL,"2020-07-08 16:33:33","2020-07-08 16:33:33","'garz':5 'nicolas':2 'san':1",False,1
556,"SAN PEDRO GARZA GARCÍA",607,"","",NULL,"2020-07-08 16:33:33","2020-07-08 16:33:33","'garc':4 'garz':3 'pedr':2 'san':1",False,1
557,"CIUDAD SANTA CATARINA",609,"","",NULL,"2020-07-08 16:33:33","2020-07-08 16:33:33","'catarin':3 'ciud':1 'sant':2",False,1
558,"SANTIAGO",611,"","",NULL,"2020-07-08 16:33:33","2020-07-08 16:33:33","'santiag':1",False,1
559,"AMOZOC",1895,"","",NULL,"2020-07-08 16:33:33","2020-07-08 16:33:33","'amozoc':1",False,1
560,"CIUDAD SERDÁN",1956,"","",NULL,"2020-07-08 16:33:33","2020-07-08 16:33:33","'ciud':1 'serdan':2",False,1
561,"CUAUTLANCINGO",2007,"","",NULL,"2020-07-08 16:33:33","2020-07-08 16:33:33","'cuautlancing':1",False,1
562,"HUAUCHINANGO",2035,"","",NULL,"2020-07-08 16:33:33","2020-07-08 16:33:33","'huauchinang':1",False,1
563,"IZÚCAR DE MATAMOROS",2077,"","",NULL,"2020-07-08 16:33:33","2020-07-08 16:33:33","'izuc':1 'matamor':3",False,1
564,"HEROICA PUEBLA DE ZARAGOZA",2163,"","",NULL,"2020-07-08 16:33:33","2020-07-08 16:33:33","'heroic':1 'puebl':2 'zaragoz':4",False,1
565,"SAN ANDRÉS CHOLULA",2172,"","",NULL,"2020-07-08 16:33:33","2020-07-08 16:33:33","'andres':2 'cholul':3 'san':1",False,1
566,"SAN MARTÍN TEXMELUCAN DE LABASTIDA",2185,"","",NULL,"2020-07-08 16:33:33","2020-07-08 16:33:33","'labast':5 'martin':2 'san':1 'texmeluc':3",False,1
567,"SAN PEDRO CHOLULA",2193,"","",NULL,"2020-07-08 16:33:33","2020-07-08 16:33:33","'cholul':3 'pedr':2 'san':1",False,1
568,"TECAMACHALCO",2220,"","",NULL,"2020-07-08 16:33:33","2020-07-08 16:33:33","'tecamachalc':1",False,1
569,"TEHUACÁN",2227,"","",NULL,"2020-07-08 16:33:33","2020-07-08 16:33:33","'tehuacan':1",False,1
570,"TEPEACA",2236,"","",NULL,"2020-07-08 16:33:33","2020-07-08 16:33:33","'tepeac':1",False,1
571,"TEZIUTLÁN",2255,"","",NULL,"2020-07-08 16:33:33","2020-07-08 16:33:33","'teziutlan':1",False,1
572,"XICOTEPEC",2297,"","",NULL,"2020-07-08 16:33:33","2020-07-08 16:33:33","'xicotepec':1",False,1
573,"ZACATLÁN",2308,"","",NULL,"2020-07-08 16:33:33","2020-07-08 16:33:33","'zacatlan':1",False,1
574,"ANGOSTURA",2263,"","",NULL,"2020-07-08 16:33:33","2020-07-08 16:33:33","'angostur':1",False,1
575,"CHOIX",2266,"","",NULL,"2020-07-08 16:33:33","2020-07-08 16:33:33","'choix':1",False,1
576,"COSALÁ",2269,"","",NULL,"2020-07-08 16:33:33","2020-07-08 16:33:33","'cosal':1",False,1
577,"CULIACÁN ROSALES",2271,"","",NULL,"2020-07-08 16:33:33","2020-07-08 16:33:33","'culiacan':1 'rosal':2",False,1
578,"SAN BLAS",2272,"","",NULL,"2020-07-08 16:33:33","2020-07-08 16:33:33","'blas':2 'san':1",False,1
579,"LA CRUZ",2274,"","",NULL,"2020-07-08 16:33:33","2020-07-08 16:33:33","'cruz':2",False,1
580,"ESCUINAPA DE HIDALGO",2279,"","",NULL,"2020-07-08 16:33:33","2020-07-08 16:33:33","'escuinap':1 'hidalg':3",False,1
581,"MAZATLÁN",2282,"","",NULL,"2020-07-08 16:33:33","2020-07-08 16:33:33","'mazatlan':1",False,1
582,"MOCORITO",2283,"","",NULL,"2020-07-08 16:33:33","2020-07-08 16:33:33","'mocorit':1",False,1
583,"NAVOLATO",2287,"","",NULL,"2020-07-08 16:33:33","2020-07-08 16:33:33","'navolat':1",False,1
584,"LICENCIADO BENITO JUÁREZ (CAMPO GOBIERNO)",2287,"","",NULL,"2020-07-08 16:33:33","2020-07-08 16:33:33","'benit':2 'camp':4 'gobiern':5 'juarez':3 'licenci':1",False,1
585,"EL ROSARIO",2277,"","",NULL,"2020-07-08 16:33:33","2020-07-08 16:33:33","'rosari':2",False,1
586,"GUASAVE",2280,"","",NULL,"2020-07-08 16:33:33","2020-07-08 16:33:33","'guasav':1",False,1
587,"GUAMÚCHIL",2287,"","",NULL,"2020-07-08 16:33:33","2020-07-08 16:33:33","'guamuchil':1",False,1
588,"SAN IGNACIO",2288,"","",NULL,"2020-07-08 16:33:33","2020-07-08 16:33:33","'ignaci':2 'san':1",False,1
589,"SINALOA DE LEYVA",2289,"","",NULL,"2020-07-08 16:33:33","2020-07-08 16:33:33","'leyv':3 'sinalo':1",False,1
590,"APIZACO",2023,"","",NULL,"2020-07-08 16:33:33","2020-07-08 16:33:33","'apizac':1",False,1
591,"CALPULALPAN",2027,"","",NULL,"2020-07-08 16:33:33","2020-07-08 16:33:33","'calpulalp':1",False,1
592,"CHIAUTEMPAN",2029,"","",NULL,"2020-07-08 16:33:33","2020-07-08 16:33:33","'chiautemp':1",False,1
593,"HUAMANTLA",2037,"","",NULL,"2020-07-08 16:33:33","2020-07-08 16:33:33","'huamantl':1",False,1
594,"VILLA VICENTE GUERRERO",2067,"","",NULL,"2020-07-08 16:33:33","2020-07-08 16:33:33","'guerrer':3 'vicent':2 'vill':1",False,1
595,"TLAXCALA DE XICOHTÉNCATL",2089,"","",NULL,"2020-07-08 16:33:33","2020-07-08 16:33:33","'tlaxcal':1 'xicohtencatl':3",False,1
596,"KANASÍN",1491,"","",NULL,"2020-07-08 16:33:33","2020-07-08 16:33:33","'kanasin':1",False,1
597,"MÉRIDA",1520,"","",NULL,"2020-07-08 16:33:33","2020-07-08 16:33:33","'mer':1",False,1
598,"MOTUL DE CARRILLO PUERTO",1522,"","",NULL,"2020-07-08 16:33:33","2020-07-08 16:33:33","'carrill':3 'motul':1 'puert':4",False,1
599,"TICUL",1583,"","",NULL,"2020-07-08 16:33:33","2020-07-08 16:33:33","'ticul':1",False,1
600,"TIZIMÍN",1595,"","",NULL,"2020-07-08 16:33:33","2020-07-08 16:33:33","'tizimin':1",False,1
601,"VALLADOLID",1310,"","",NULL,"2020-07-08 16:33:33","2020-07-08 16:33:33","'valladol':1",False,1
602,"VÍCTOR ROSALES",1307,"","",NULL,"2020-07-08 16:33:33","2020-07-08 16:33:33","'rosal':2 'victor':1",False,1
603,"CIUDAD CUAUHTÉMOC",1310,"","",NULL,"2020-07-08 16:33:33","2020-07-08 16:33:33","'ciud':1 'cuauhtemoc':2",False,1
604,"FRESNILLO",1312,"","",NULL,"2020-07-08 16:33:33","2020-07-08 16:33:33","'fresnill':1",False,1
605,"JALPA",1322,"","",NULL,"2020-07-08 16:33:33","2020-07-08 16:33:33","'jalp':1",False,1
606,"JEREZ DE GARCÍA SALINAS",1324,"","",NULL,"2020-07-08 16:33:33","2020-07-08 16:33:33","'garc':3 'jerez':1 'salin':4",False,1
607,"JUAN ALDAMA",1327,"","",NULL,"2020-07-08 16:33:33","2020-07-08 16:33:33","'aldam':2 'juan':1",False,1
608,"LORETO",1332,"","",NULL,"2020-07-08 16:33:33","2020-07-08 16:33:33","'loret':1",False,1
609,"LUIS MOYA",1333,"","",NULL,"2020-07-08 16:33:33","2020-07-08 16:33:33","'luis':1 'moy':2",False,1
610,"MOYAHUA DE ESTRADA",1341,"","",NULL,"2020-07-08 16:33:33","2020-07-08 16:33:33","'estrad':3 'moyahu':1",False,1
611,"NOCHISTLÁN DE MEJÍA",1343,"","",NULL,"2020-07-08 16:33:33","2020-07-08 16:33:33","'mej':3 'nochistlan':1",False,1
612,"OJOCALIENTE",1345,"","",NULL,"2020-07-08 16:33:33","2020-07-08 16:33:33","'ojocalient':1",False,1
613,"SOMBRERETE",1355,"","",NULL,"2020-07-08 16:33:33","2020-07-08 16:33:33","'sombreret':1",False,1
614,"VILLA DE COS",1368,"","",NULL,"2020-07-08 16:33:33","2020-07-08 16:33:33","'cos':3 'vill':1",False,1
615,"VILLA HIDALGO",1372,"","",NULL,"2020-07-08 16:33:33","2020-07-08 16:33:33","'hidalg':2 'vill':1",False,1
616,"VILLANUEVA",1373,"","",NULL,"2020-07-08 16:33:33","2020-07-08 16:33:33","'villanuev':1",False,1
617,"ZACATECAS",1375,"","",NULL,"2020-07-08 16:33:33","2020-07-08 16:33:33","'zacatec':1",False,1
618,"BALANCAN",2336,"","",NULL,"2020-07-08 16:33:33","2020-07-08 16:33:33","'balanc':1",False,1
619,"JALAPA",2372,"","",NULL,"2020-07-08 16:33:33","2020-07-08 16:33:33","'jalap':1",False,1
620,"NACAJUCA",2380,"","",NULL,"2020-07-08 16:33:33","2020-07-08 16:33:33","'nacajuc':1",False,1
621,"TACOTALPA",2383,"","",NULL,"2020-07-08 16:33:33","2020-07-08 16:33:33","'tacotalp':1",False,1
622,"JONUTA",2377,"","",NULL,"2020-07-08 16:33:33","2020-07-08 16:33:33","'jonut':1",False,1
623,"VILLAHERMOSA",2007,"","",NULL,"2020-10-07 01:08:17","2020-10-07 01:08:17","'villaherm':1",False,1
624,"CARDENAS",2005,"","",NULL,"2020-10-07 01:43:15","2020-10-07 01:43:15","'carden':1",False,1
625,"NACAJUCA",2016,"","",NULL,"2020-10-07 01:50:15","2020-10-07 01:50:15","'nacajuc':1",False,1
626,"COMALCALCO",2008,"","",NULL,"2020-10-07 02:32:37","2020-10-07 02:32:37","'comalcalc':1",False,1
627,"CUAJIMALPA DE MORELOS",187,"","",NULL,"2020-10-07 03:55:56","2020-10-07 03:55:56","'cuajimalp':1 'morel':3",False,1
628,"COYOACAN",186,"","",NULL,"2020-10-07 03:55:57","2020-10-07 03:55:57","'coyoac':1",False,1
629,"MACUSPANA",2015,"","",NULL,"2020-10-07 03:55:57","2020-10-07 03:55:57","'macuspan':1",False,1
630,"CUAUHTEMOC",198,"","",NULL,"2020-10-07 03:56:00","2020-10-07 03:56:00","'cuauhtemoc':1",False,1
631,"TUXTLA GUTIERREZ",39,"","",NULL,"2020-10-07 03:56:01","2020-10-07 03:56:01","'gutierrez':2 'tuxtl':1",False,1
632,"BENITO JUAREZ",197,"","",NULL,"2020-10-07 03:56:03","2020-10-07 03:56:03","'benit':1 'juarez':2",False,1
633,"PUEBLA",1024,"","",NULL,"2020-10-07 03:56:03","2020-10-07 03:56:03","'puebl':1",False,1
634,"MERIDA",2447,"","",NULL,"2020-10-07 03:56:05","2020-10-07 03:56:05","'mer':1",False,1
635,"ALVARO OBREGON",193,"","",NULL,"2020-10-07 03:56:08","2020-10-07 03:56:08","'alvar':1 'obregon':2",False,1
636,"TLALPAN",195,"","",NULL,"2020-10-07 03:56:10","2020-10-07 03:56:10","'tlalp':1",False,1
637,"VILLAHERMOSA",2017,"","",NULL,"2020-10-07 03:56:12","2020-10-07 03:56:12","'villaherm':1",False,1
638,"MIGUEL HIDALGO",199,"","",NULL,"2020-10-07 03:56:14","2020-10-07 03:56:14","'hidalg':2 'miguel':1",False,1
639,"TLALNEPANTLA DE BAZ",594,"","",NULL,"2020-10-07 03:56:16","2020-10-07 03:56:16","'baz':3 'tlalnepantl':1",False,1
640,"NAUCALPAN DE JUAREZ",547,"","",NULL,"2020-10-07 03:56:17","2020-10-07 03:56:17","'juarez':3 'naucalp':1",False,1
641,"HUIMANGUILLO",2011,"","",NULL,"2020-10-07 03:56:17","2020-10-07 03:56:17","'huimanguill':1",False,1
642,"MONTERREY",1154,"","",NULL,"2020-10-07 03:56:18","2020-10-07 03:56:18","'monterrey':1",False,1
643,"TEAPA",2019,"","",NULL,"2020-10-07 03:56:20","2020-10-07 03:56:20","'teap':1",False,1
644,"EMILIANO ZAPATA",2010,"","",NULL,"2020-10-07 03:56:28","2020-10-07 03:56:28","'emilian':1 'zapat':2",False,1
645,"BALANCAN",2004,"","",NULL,"2020-10-07 03:56:28","2020-10-07 03:56:28","'balanc':1",False,1
646,"SAN PEDRO CHOLULA",1050,"","",NULL,"2020-10-07 03:56:31","2020-10-07 03:56:31","'cholul':3 'pedr':2 'san':1",False,1
647,"TENOSIQUE",2020,"","",NULL,"2020-10-07 03:56:32","2020-10-07 03:56:32","'tenosiqu':1",False,1
648,"CENTLA",2006,"","",NULL,"2020-10-07 03:56:32","2020-10-07 03:56:32","'centl':1",False,1
649,"PARAISO",2017,"","",NULL,"2020-10-07 03:56:33","2020-10-07 03:56:33","'parais':1",False,1
650,"AZCAPOTZALCO",185,"","",NULL,"2020-10-07 03:56:33","2020-10-07 03:56:33","'azcapotzalc':1",False,1
651,"JALAPA",2012,"","",NULL,"2020-10-07 03:56:35","2020-10-07 03:56:35","'jalap':1",False,1
652,"MERCED GOMEZ",193,"","",NULL,"2020-10-07 03:56:38","2020-10-07 03:56:38","'gomez':2 'merc':1",False,1
653,"CUNDUACAN",2009,"","",NULL,"2020-10-07 03:56:40","2020-10-07 03:56:40","'cunduac':1",False,1
654,"GUADALAJARA",613,"","",NULL,"2020-10-07 03:56:43","2020-10-07 03:56:43","'guadalaj':1",False,1
655,"VILLAHERMOSA",2019,"","",NULL,"2020-10-07 03:56:46","2020-10-07 03:56:46","'villaherm':1",False,1
656,"ZACATECAS",2085,"","",NULL,"2020-10-07 03:56:49","2020-10-07 03:56:49","'zacatec':1",False,1
657,"TULTITLAN",599,"","",NULL,"2020-10-07 03:56:52","2020-10-07 03:56:52","'tultitl':1",False,1
658,"VILLAHERMOSA",2006,"","",NULL,"2020-10-07 03:56:58","2020-10-07 03:56:58","'villaherm':1",False,1
659,"IZTAPALAPA",190,"","",NULL,"2020-10-07 03:56:59","2020-10-07 03:56:59","'iztapalap':1",False,1
660,"OAXACA DE JUAREZ",1231,"","",NULL,"2020-10-07 03:57:00","2020-10-07 03:57:00","'juarez':3 'oaxac':1",False,1
661,"TACOTALPA",2018,"","",NULL,"2020-10-07 03:57:02","2020-10-07 03:57:02","'tacotalp':1",False,1
662,"LEON",100,"","",NULL,"2020-10-07 03:57:03","2020-10-07 03:57:03","'leon':1",False,1
663,"SAN PEDRO TLAQUEPAQUE",671,"","",NULL,"2020-10-07 03:57:06","2020-10-07 03:57:06","'pedr':2 'san':1 'tlaquepaqu':3",False,1
664,"GUSTAVO A. MADERO",188,"","",NULL,"2020-10-07 03:57:16","2020-10-07 03:57:16","'gustav':1 'mader':3",False,1
665,"CANCUN",1145,"","",NULL,"2020-10-07 03:57:19","2020-10-07 03:57:19","'cancun':1",False,1
666,"JALPA DE MENDEZ",2013,"","",NULL,"2020-10-07 03:57:22","2020-10-07 03:57:22","'jalp':1 'mendez':3",False,1
667,"JONUTA",2014,"","",NULL,"2020-10-07 03:57:26","2020-10-07 03:57:26","'jonut':1",False,1
668,"MAZATLAN",1851,"","",NULL,"2020-10-07 03:57:30","2020-10-07 03:57:30","'mazatl':1",False,1
669,"SAN PEDRO GARZA GARCIA",1005,"","",NULL,"2020-10-07 03:57:35","2020-10-07 03:57:35","'garci':4 'garz':3 'pedr':2 'san':1",False,1
670,"TAMPICO",2120,"","",NULL,"2020-10-07 03:57:39","2020-10-07 03:57:39","'tampic':1",False,1
671,"TIJUANA",2102,"","",NULL,"2020-10-07 05:01:31","2020-10-07 05:01:31","'tijuan':1",False,1
672,"ALLENDE",990,"","",NULL,"2020-10-07 05:01:32","2020-10-07 05:01:32","'allend':1",False,1
673,"MONTEMORELOS",1153,"","",NULL,"2020-10-07 05:01:33","2020-10-07 05:01:33","'montemorel':1",False,1
674,"HUEJOTZINGO",916,"","",NULL,"2020-10-07 05:01:36","2020-10-07 05:01:36","'huejotzing':1",False,1
675,"VENUSTIANO CARRANZA",200,"","",NULL,"2020-10-07 05:01:38","2020-10-07 05:01:38","'carranz':2 'venustian':1",False,1
676,"SAN ANDRES CHOLULA",1029,"","",NULL,"2020-10-07 05:01:45","2020-10-07 05:01:45","'andres':2 'cholul':3 'san':1",False,1
677,"XOCHIMILCO",196,"","",NULL,"2020-10-07 05:01:45","2020-10-07 05:01:45","'xochimilc':1",False,1
678,"CHIHUAHUA",136,"","",NULL,"2020-10-07 05:01:46","2020-10-07 05:01:46","'chihuahu':1",False,1
679,"REYNOSA",2114,"","",NULL,"2020-10-07 05:01:50","2020-10-07 05:01:50","'reynos':1",False,1
680,"TUXTLA GUTIERREZ",297,"","",NULL,"2020-10-07 05:01:52","2020-10-07 05:01:52","'gutierrez':2 'tuxtl':1",False,1
681,"QUERETARO",1140,"","",NULL,"2020-10-07 05:01:53","2020-10-07 05:01:53","'queretar':1",False,1
682,"LA MAGDALENA CONTRERAS",191,"","",NULL,"2020-10-07 05:01:54","2020-10-07 05:01:54","'contrer':3 'magdalen':2",False,1
683,"COACALCO DE BERRIOZABAL",717,"","",NULL,"2020-10-07 05:01:56","2020-10-07 05:01:56","'berriozabal':3 'coacalc':1",False,1
684,"SAN SEBASTIAN TUTLA",1512,"","",NULL,"2020-10-07 05:01:57","2020-10-07 05:01:57","'san':1 'sebasti':2 'tutl':3",False,1
685,"CUERNAVACA",869,"","",NULL,"2020-10-07 05:02:00","2020-10-07 05:02:00","'cuernavac':1",False,1
686,"CORREGIDORA",1131,"","",NULL,"2020-10-07 05:02:03","2020-10-07 05:02:03","'corregidor':1",False,1
687,"NEZAHUALCOYOTL",549,"","",NULL,"2020-10-07 05:02:05","2020-10-07 05:02:05","'nezahualcoyotl':1",False,1
688,"YECAPIXTLA",963,"","",NULL,"2020-10-07 05:02:06","2020-10-07 05:02:06","'yecapixtl':1",False,1
689,"CARMEN",2111,"","",NULL,"2020-10-07 05:02:09","2020-10-07 05:02:09","'carm':1",False,1
690,"ECATEPEC DE MORELOS",731,"","",NULL,"2020-10-07 05:02:09","2020-10-07 05:02:09","'ecatepec':1 'morel':3",False,1
691,"AGUASCALIENTES",2088,"","",NULL,"2020-10-07 05:02:13","2020-10-07 05:02:13","'aguascalient':1",False,1
692,"ZAPOPAN",692,"","",NULL,"2020-10-07 05:02:22","2020-10-07 05:02:22","'zapop':1",False,1
693,"PICHUCALCO",5,"","",NULL,"2020-10-07 05:02:25","2020-10-07 05:02:25","'pichucalc':1",False,1
694,"REFORMA",10,"","",NULL,"2020-10-07 05:02:31","2020-10-07 05:02:31","'reform':1",False,1
695,"OCOZOCOAUTLA DE ESPINOSA",339,"","",NULL,"2020-10-07 05:02:38","2020-10-07 05:02:38","'espin':3 'ocozocoautl':1",False,1
696,"METEPEC",544,"","",NULL,"2020-10-07 05:02:39","2020-10-07 05:02:39","'metepec':1",False,1
697,"PALIZADA",2453,"","",NULL,"2020-10-07 05:02:44","2020-10-07 05:02:44","'paliz':1",False,1
698,"PLAYA DEL CARMEN",1779,"","",NULL,"2020-10-07 05:02:54","2020-10-07 05:02:54","'carm':3 'play':1",False,1
699,"TONALA",674,"","",NULL,"2020-10-07 05:02:59","2020-10-07 05:02:59","'tonal':1",False,1
700,"MEXICALI",2100,"","",NULL,"2020-10-07 05:03:02","2020-10-07 05:03:02","'mexicali':1",False,1
701,"XALAPA",2274,"","",NULL,"2020-10-07 15:51:49","2020-10-07 15:52:01","'xalap':1",False,1
702,"COATZACOALCOS",2226,"","",NULL,"2020-10-07 18:21:23","2020-10-07 18:21:23","'coatzacoalc':1",False,1
703,"ORIZABA",2304,"","",NULL,"2020-10-07 18:54:16","2020-10-07 18:54:16","'oriz':1",False,1
704,"TLAJOMULCO DE ZUÑIGA",670,"","",NULL,"2020-10-07 20:00:13","2020-10-20 18:57:07","'tlajomulc':1 'zuñig':3",False,1
705,"MINATITLAN",2294,"","",NULL,"2020-10-08 19:26:26","2020-10-08 19:26:26","'minatitl':1",False,1
706,"BOCA DEL RIO",2214,"","",NULL,"2020-10-08 21:17:59","2020-10-08 21:17:59","'boc':1 'rio':3",False,1
707,"VERACRUZ",2377,"","",NULL,"2020-10-17 01:17:50","2020-10-17 01:17:50","'veracruz':1",False,1
708,"GUADALUPE",1012,"","",NULL,"2020-10-17 01:17:54","2020-10-17 01:17:54","'guadalup':1",False,1
709,"SAN LUIS POTOSI",1809,"","",NULL,"2020-10-17 01:17:55","2020-10-17 01:17:55","'luis':2 'potosi':3 'san':1",False,1
710,"SAN NICOLAS DE LOS GARZA",1161,"","",NULL,"2020-10-17 01:18:00","2020-10-17 01:18:00","'garz':5 'nicol':2 'san':1",False,1
711,"JUAREZ",326,"","",NULL,"2020-10-17 01:18:09","2020-10-17 01:18:09","'juarez':1",False,1
712,"CORDOBA",2231,"","",NULL,"2020-10-17 01:19:06","2020-10-17 01:19:06","'cordob':1",False,1
713,"NATIVITAS",2148,"","",NULL,"2020-10-17 01:19:07","2020-10-17 01:19:07","'nativit':1",False,1
714,"CHILPANCINGO DE LOS BRAVO",363,"","",NULL,"2020-10-17 01:19:19","2020-10-17 01:19:19","'brav':4 'chilpancing':1",False,1
715,"SANTA CATARINA",1162,"","",NULL,"2020-10-17 01:20:44","2020-10-17 01:20:44","'catarin':2 'sant':1",False,1
716,"SAN MARTIN TEXMELUCAN",1042,"","",NULL,"2020-10-17 01:20:58","2020-10-17 01:20:58","'martin':2 'san':1 'texmeluc':3",False,1
717,"RAMOS ARIZPE",227,"","",NULL,"2020-10-17 01:21:16","2020-10-17 01:21:16","'arizp':2 'ram':1",False,1
718,"SAN CRISTOBAL DE LAS CASAS",14,"","",NULL,"2020-10-17 01:21:21","2020-10-17 01:21:21","'cas':5 'cristobal':2 'san':1",False,1
719,"JIUTEPEC",873,"","",NULL,"2020-10-17 01:22:13","2020-10-17 01:22:13","'jiutepec':1",False,1
720,"ATIZAPAN DE ZARAGOZA",710,"","",NULL,"2020-10-17 01:22:18","2020-10-17 01:22:18","'atizap':1 'zaragoz':3",False,1
721,"SALTILLO",230,"","",NULL,"2020-10-17 01:22:22","2020-10-17 01:22:22","'saltill':1",False,1
722,"BENITO JUAREZ",1145,"","",NULL,"2020-10-17 01:22:36","2020-10-17 01:22:36","'benit':1 'juarez':2",False,1
723,"OCOSINGO",337,"","",NULL,"2020-10-17 01:22:40","2020-10-17 01:22:40","'ocosing':1",False,1
724,"ACATZINGO",1739,"","",NULL,"2020-10-17 01:22:51","2020-10-17 01:22:51","'acatzing':1",False,1
725,"GENERAL ESCOBEDO",1007,"","",NULL,"2020-10-17 01:23:12","2020-10-17 01:23:12","'escobed':2 'general':1",False,1
726,"EL SALTO",644,"","",NULL,"2020-10-17 01:23:48","2020-10-17 01:23:48","'salt':2",False,1
727,"ZACAPOAXTLA",1116,"","",NULL,"2020-10-17 01:24:00","2020-10-17 01:24:00","'zacapoaxtl':1",False,1
728,"HUIXQUILUCAN",735,"","",NULL,"2020-10-17 01:24:04","2020-10-17 01:24:04","'huixquiluc':1",False,1
729,"TAPACHULA",27,"","",NULL,"2020-10-17 01:24:08","2020-10-17 01:24:08","'tapachul':1",False,1
730,"CHALCO",723,"","",NULL,"2020-10-17 01:24:10","2020-10-17 01:24:10","'chalc':1",False,1
731,"IZTACALCO",189,"","",NULL,"2020-10-17 01:24:26","2020-10-17 01:24:26","'iztacalc':1",False,1
732,"LAS ROSAS",2008,"","",NULL,"2020-10-17 01:24:36","2020-10-17 01:24:36","'ros':2",False,1
733,"PALENQUE",2,"","",NULL,"2020-10-17 01:24:45","2020-10-17 01:24:45","'palenqu':1",False,1
734,"TOLUCA",596,"","",NULL,"2020-10-17 01:25:44","2020-10-20 16:46:40","'toluc':1",True,1
735,"VILLAFLORES",46,"","",NULL,"2020-10-17 01:27:39","2020-10-17 01:27:39","'villaflor':1",False,1
736,"TLAHUAC",194,"","",NULL,"2020-10-17 01:28:21","2020-10-17 01:28:21","'tlahuac':1",False,1
737,"SANTA LUCIA DEL CAMINO",1557,"","",NULL,"2020-10-17 01:28:35","2020-10-17 01:28:35","'camin':4 'luci':2 'sant':1",False,1
738,"ACAPULCO DE JUAREZ",127,"","",NULL,"2020-10-17 01:28:52","2020-10-17 01:28:52","'acapulc':1 'juarez':3",False,1
739,"CATASAJA",294,"","",NULL,"2020-10-17 01:29:10","2020-10-17 01:29:10","'catasaj':1",False,1
740,"EJIDO DOS CEIBAS",2009,"","",NULL,"2020-10-17 01:29:44","2020-10-17 01:29:44","'ceib':3 'dos':2 'ejid':1",False,1
741,"COL. VILLAHERMOSA",2015,"","",NULL,"2020-10-17 01:29:55","2020-10-17 01:29:55","'col':1 'villaherm':2",False,1
742,"TEXCOCO",589,"","",NULL,"2020-10-17 01:30:00","2020-10-17 01:30:00","'texcoc':1",False,1
743,"ALTAMIRA",2023,"","",NULL,"2020-10-17 01:30:15","2020-10-17 01:30:15","'altamir':1",False,1
744,"TULTEPEC",598,"","",NULL,"2020-10-17 01:30:17","2020-10-17 01:30:17","'tultepec':1",False,1
745,"JESUS MARIA",2092,"","",NULL,"2020-10-17 01:30:19","2020-10-17 01:30:19","'jesus':1 'mari':2",False,1
746,"POZA RICA DE HIDALGO",2317,"","",NULL,"2020-10-17 01:30:45","2020-10-17 01:30:45","'hidalg':4 'poz':1 'ric':2",False,1
747,"APODACA",992,"","",NULL,"2020-10-17 01:30:54","2020-10-17 01:30:54","'apodac':1",False,1
748,"GUADALUPE",1973,"","",NULL,"2020-10-17 01:30:54","2020-10-17 01:30:54","'guadalup':1",False,1
749,"TEPOTZOTLAN",585,"","",NULL,"2020-10-17 01:31:36","2020-10-17 01:31:36","'tepotzotl':1",False,1
750,"CUAUTLANCINGO",882,"","",NULL,"2020-10-17 01:31:39","2020-10-17 01:31:39","'cuautlancing':1",False,1
751,"COSOLEACAQUE",2235,"","",NULL,"2020-10-17 01:31:45","2020-10-17 01:31:45","'cosoleacaqu':1",False,1
752,"VICTORIA",2123,"","",NULL,"2020-10-17 01:33:02","2020-10-17 01:33:02","'victori':1",False,1
753,"CUAUTITLAN",721,"","",NULL,"2020-10-17 01:33:15","2020-10-17 01:33:15","'cuautitl':1",False,1
754,"TEAPA VILLAHERMOSA",2019,"","",NULL,"2020-10-17 01:33:17","2020-10-17 01:33:17","'teap':1 'villaherm':2",False,1
755,"NOGALES",1887,"","",NULL,"2020-10-17 01:33:46","2020-10-17 01:33:46","'nogal':1",False,1
756,"PACHUCA DE SOTO",462,"","",NULL,"2020-10-17 01:33:53","2020-10-17 01:33:53","'pachuc':1 'sot':3",False,1
757,"HERMOSILLO",1980,"","",NULL,"2020-10-17 01:34:42","2020-10-17 01:34:42","'hermosill':1",False,1
758,"PUEBLO NUEVO",2020,"","",NULL,"2020-10-17 01:34:55","2020-10-17 01:34:55","'nuev':2 'puebl':1",False,1
759,"CAJEME",1990,"","",NULL,"2020-10-17 01:35:37","2020-10-17 01:35:37","'cajem':1",False,1
760,"CAMPECHE",2109,"","",NULL,"2020-10-17 01:36:39","2020-10-17 01:36:39","'campech':1",False,1
761,"OSTUACAN",340,"","",NULL,"2020-10-17 01:37:55","2020-10-17 01:37:55","'ostuac':1",False,1
762,"CIENEGA DE FLORES",998,"","",NULL,"2020-10-17 01:38:15","2020-10-17 01:38:15","'cieneg':1 'flor':3",False,1
763,"HUAUCHINANGO",912,"","",NULL,"2020-10-17 01:38:25","2020-10-17 01:38:25","'huauchinang':1",False,1
764,"MORELIA",803,"","",NULL,"2020-10-17 01:38:50","2020-10-17 01:38:50","'moreli':1",False,1
765,"PINOTEPA DE DON LUIS",1234,"","",NULL,"2020-10-17 01:38:52","2020-10-17 01:38:52","'don':3 'luis':4 'pinotep':1",False,1
766,"ATLACOMULCO",711,"","",NULL,"2020-10-17 01:39:08","2020-10-17 01:39:08","'atlacomulc':1",False,1
767,"LERMA",541,"","",NULL,"2020-10-17 01:39:22","2020-10-17 01:39:22","'lerm':1",False,1
768,"COATEPEC",2225,"","",NULL,"2020-10-17 01:40:23","2020-10-17 01:40:23","'coatepec':1",False,1
769,"FRONTERA",2006,"","",NULL,"2020-10-17 01:40:53","2020-10-17 01:40:53","'fronter':1",False,1
770,"EMILIANO ZAPATA",436,"","",NULL,"2020-10-17 01:40:59","2020-10-17 01:40:59","'emilian':1 'zapat':2",False,1
771,"ALVARON OBREGON",193,"","",NULL,"2020-10-17 01:41:10","2020-10-17 01:41:10","'alvaron':1 'obregon':2",False,1
772,"CIUDAD DEL CARMEN",2111,"","",NULL,"2020-10-17 01:41:28","2020-10-17 01:41:28","'carm':3 'ciud':1",False,1
773,"TORREON",235,"","",NULL,"2020-10-17 01:41:32","2020-10-17 01:41:32","'torreon':1",False,1
774,"CENTRO",2007,"","",NULL,"2020-10-17 01:41:33","2020-10-17 01:41:33","'centr':1",False,1
775,"PEDRO ESCOBEDO",1137,"","",NULL,"2020-10-17 01:41:52","2020-10-17 01:41:52","'escobed':2 'pedr':1",False,1
776,"IXTACZOQUITLAN",2272,"","",NULL,"2020-10-17 01:42:28","2020-10-17 01:42:28","'ixtaczoquitl':1",False,1
777,"TEPEJI DEL RIO DE OCAMPO",478,"","",NULL,"2020-10-17 01:42:37","2020-10-17 01:42:37","'ocamp':5 'rio':3 'tepeji':1",False,1
778,"GOMEZ PALACIO",245,"","",NULL,"2020-10-17 01:43:02","2020-10-17 01:43:02","'gomez':1 'palaci':2",False,1
779,"COAMLCALCO",2008,"","",NULL,"2020-10-17 01:43:12","2020-10-17 01:43:12","'coamlcalc':1",False,1
780,"ZUMPANGO",745,"","",NULL,"2020-10-17 01:43:31","2020-10-17 01:43:31","'zumpang':1",False,1
781,"VILLAHERMOSA",2008,"","",NULL,"2020-10-17 01:43:33","2020-10-17 01:43:33","'villaherm':1",False,1
782,"VILLAHERMOSA",1154,"","",NULL,"2020-10-17 01:43:44","2020-10-17 01:43:44","'villaherm':1",False,1
783,"VILLAHERMOSA",186,"","",NULL,"2020-10-17 01:43:46","2020-10-17 01:43:46","'villaherm':1",False,1
784,"VILLAHERMOSA",549,"","",NULL,"2020-10-17 01:43:47","2020-10-17 01:43:47","'villaherm':1",False,1
785,"LAGOS DE MORENO",627,"","",NULL,"2020-10-17 01:44:05","2020-10-17 01:44:05","'lag':1 'moren':3",False,1
786,"ASIENTOS",2089,"","",NULL,"2020-10-17 01:44:16","2020-10-17 01:44:16","'asient':1",False,1
787,"TLALPUJAHUA",843,"","",NULL,"2020-10-17 01:44:18","2020-10-17 01:44:18","'tlalpujahu':1",False,1
788,"COZUMEL",1146,"","",NULL,"2020-10-17 01:44:25","2020-10-17 01:44:25","'cozumel':1",False,1
789,"MARTINEZ DE LA TORRE",2288,"","",NULL,"2020-10-17 01:44:48","2020-10-17 01:44:48","'martinez':1 'torr':4",False,1
790,"OTHON P",1778,"","",NULL,"2020-10-17 01:45:06","2020-10-17 01:45:06","'othon':1 'p':2",False,1
791,"FORTIN",2255,"","",NULL,"2020-10-17 01:46:20","2020-10-17 01:46:20","'fortin':1",False,1
792,"COMITAN DE DOMINGUEZ",297,"","",NULL,"2020-10-17 01:46:21","2020-10-17 01:46:21","'comit':1 'dominguez':3",False,1
793,"ATLIXCO",1754,"","",NULL,"2020-10-17 01:46:55","2020-10-17 01:46:55","'atlixc':1",False,1
794,"VILLAHERMOSA",2016,"","",NULL,"2020-10-17 01:47:16","2020-10-17 01:47:16","'villaherm':1",False,1
795,"MINERAL DE LA REFORMA",455,"","",NULL,"2020-10-17 01:47:40","2020-10-17 01:47:40","'mineral':1 'reform':4",False,1
796,"TEPIC",983,"","",NULL,"2020-10-17 01:47:57","2020-10-17 01:47:57","'tepic':1",False,1
797,"SALINA CRUZ",1241,"","",NULL,"2020-10-17 01:49:00","2020-10-17 01:49:00","'cruz':2 'salin':1",False,1
798,"CULIACAN",1845,"","",NULL,"2020-10-17 01:49:02","2020-10-17 01:49:02","'culiac':1",False,1
799,"TEOTIHUACAN",582,"","",NULL,"2020-10-17 01:49:04","2020-10-17 01:49:04","'teotihuac':1",False,1
800,"MANSIONES DEL VALLE",1140,"","",NULL,"2020-10-17 01:49:04","2020-10-17 01:49:04","'mansion':1 'vall':3",False,1
801,"ZACATELCO",2169,"","",NULL,"2020-10-17 01:50:25","2020-10-17 01:50:25","'zacatelc':1",False,1
802,"OCOYOACAC",552,"","",NULL,"2020-10-17 01:50:26","2020-10-17 01:50:26","'ocoyoacac':1",False,1
803,"UMAN",1951,"","",NULL,"2020-10-17 01:50:47","2020-10-17 01:50:47","'uman':1",False,1
804,"ALVARADO",2197,"","",NULL,"2020-10-17 01:51:29","2020-10-17 01:51:29","'alvar':1",False,1
805,"RAFAEL LUCIO",2321,"","",NULL,"2020-10-17 01:51:32","2020-10-17 01:51:32","'luci':2 'rafael':1",False,1
806,"JALACINGO",2273,"","",NULL,"2020-10-17 01:52:15","2020-10-17 01:52:15","'jalacing':1",False,1
807,"CUAUTITLAN IZCALLI",722,"","",NULL,"2020-10-17 01:52:50","2020-10-17 01:52:50","'cuautitl':1 'izcalli':2",False,1
808,"DURANGO",243,"","",NULL,"2020-10-17 01:53:37","2020-10-17 01:53:37","'durang':1",False,1
809,"VILLAHERMOSA",2009,"","",NULL,"2020-10-17 01:54:31","2020-10-17 01:54:31","'villaherm':1",False,1
810,"EMILIANO ZAPATA",2252,"","",NULL,"2020-10-17 01:55:02","2020-10-17 01:55:02","'emilian':1 'zapat':2",False,1
811,"COL. LA TRINCHERA",2020,"","",NULL,"2020-10-17 01:55:16","2020-10-17 01:55:16","'col':1 'trincher':3",False,1
812,"TIZAYUCA",483,"","",NULL,"2020-10-17 01:55:53","2020-10-17 01:55:53","'tizayuc':1",False,1
813,"YUCALPETEN",2447,"","",NULL,"2020-10-17 01:56:33","2020-10-17 01:56:33","'yucalpet':1",False,1
814,"MANZANILLO",276,"","",NULL,"2020-10-17 01:56:33","2020-10-17 01:56:33","'manzanill':1",False,1
815,"LEANDRO ROVIROSA WADE",2006,"","",NULL,"2020-10-17 01:56:35","2020-10-17 01:56:35","'leandr':1 'rovir':2 'wad':3",False,1
816,"OTHON P. BLANCO",1778,"","",NULL,"2020-10-17 01:57:18","2020-10-17 01:57:18","'blanc':3 'othon':1 'p':2",False,1
817,"SANTA MARIA ATZOMPA",1565,"","",NULL,"2020-10-17 01:57:25","2020-10-17 01:57:25","'atzomp':3 'mari':2 'sant':1",False,1
818,"AHOME",1840,"","",NULL,"2020-10-17 01:57:36","2020-10-17 01:57:36","'ahom':1",False,1
819,"RANCHERIA SALOYA SEGUNDA SECC.",2016,"","",NULL,"2020-10-17 01:57:42","2020-10-17 01:57:42","'rancheri':1 'saloy':2 'secc':4 'segund':3",False,1
820,"TLAQUEPAQUE",671,"","",NULL,"2020-10-17 01:57:47","2020-10-17 01:57:47","'tlaquepaqu':1",False,1
821,"SAN PABLO ETLA",1456,"","",NULL,"2020-10-17 01:57:49","2020-10-17 01:57:49","'etla':3 'pabl':2 'san':1",False,1
822,"JUAREZ",1018,"","",NULL,"2020-10-17 01:57:59","2020-10-17 01:57:59","'juarez':1",False,1
823,"SIMOJOVEL",19,"","",NULL,"2020-10-17 01:58:09","2020-10-17 01:58:09","'simojovel':1",False,1
824,"ROMA NORTE",198,"","",NULL,"2020-10-17 01:58:11","2020-10-17 01:58:11","'nort':2 'rom':1",False,1
825,"PUEBLO NUEVO",2005,"","",NULL,"2020-10-17 01:58:27","2020-10-17 01:58:27","'nuev':2 'puebl':1",False,1
826,"PLAYAS DE ROSARITO",2103,"","",NULL,"2020-10-17 01:58:50","2020-10-17 01:58:50","'play':1 'rosarit':3",False,1
827,"SOLEDAD DE GRACIANO SANCHEZ",1816,"","",NULL,"2020-10-17 01:58:52","2020-10-17 01:58:52","'gracian':3 'sanchez':4 'soled':1",False,1
828,"VICENTE GUERRERO",2008,"","",NULL,"2020-10-17 01:58:56","2020-10-17 01:58:56","'guerrer':2 'vicent':1",False,1
829,"S/C",2017,"","",NULL,"2020-10-17 01:59:25","2020-10-17 01:59:25","'s/c':1",False,1
830,"SAN PEDRO TAPANATEPEC",1490,"","",NULL,"2020-10-17 02:00:50","2020-10-17 02:00:50","'pedr':2 'san':1 'tapanatepec':3",False,1
831,"BERRIOZABAL",290,"","",NULL,"2020-10-17 02:01:06","2020-10-17 02:01:06","'berriozabal':1",False,1
832,"DEL VALLE",197,"","",NULL,"2020-10-17 02:01:07","2020-10-17 02:01:07","'vall':2",False,1
833,"VILLAHERMOSA",2005,"","",NULL,"2020-10-17 02:01:09","2020-10-17 02:01:09","'villaherm':1",False,1
834,"CIUDAD SATELITE",547,"","",NULL,"2020-10-17 02:01:09","2020-10-17 02:01:09","'ciud':1 'satelit':2",False,1
835,"COLIMA",269,"","",NULL,"2020-10-17 02:01:32","2020-10-17 02:01:32","'colim':1",False,1
836,"QUIROGA",823,"","",NULL,"2020-10-17 02:01:36","2020-10-17 02:01:36","'quirog':1",False,1
837,"PORTEZUELOS",729,"","",NULL,"2020-10-17 02:01:40","2020-10-17 02:01:40","'portezuel':1",False,1
838,"OTRA NO ESPECIFICADA EN EL CATALOGO",2005,"","",NULL,"2020-10-17 02:01:56","2020-10-17 02:01:56","'catalog':6 'especific':3",False,1
839,"VILLAHERMOSA",2015,"","",NULL,"2020-10-17 02:01:56","2020-10-17 02:01:56","'villaherm':1",False,1
840,"ZINACANTEPEC",743,"","",NULL,"2020-10-17 02:02:07","2020-10-17 02:02:07","'zinacantepec':1",False,1
841,"IZAMAL",2437,"","",NULL,"2020-10-17 02:02:17","2020-10-17 02:02:17","'izamal':1",False,1
842,"RINCONADAS SANTA RITA",692,"","",NULL,"2020-10-17 02:02:39","2020-10-17 02:02:39","'rincon':1 'rit':3 'sant':2",False,1
843,"RAYON",9,"","",NULL,"2020-10-17 02:03:21","2020-10-17 02:03:21","'rayon':1",False,1
844,"BARRIO SAN ROMAN",2013,"","",NULL,"2020-10-17 02:03:41","2020-10-17 02:03:41","'barri':1 'rom':3 'san':2",False,1
845,"CIUDAD MADERO",2029,"","",NULL,"2020-10-17 02:04:29","2020-10-17 02:04:29","'ciud':1 'mader':2",False,1
846,"OCOTLAN",637,"","",NULL,"2020-10-17 02:04:34","2020-10-17 02:04:34","'ocotl':1",False,1
847,"TEPATITLAN DE MORELOS",666,"","",NULL,"2020-10-17 02:05:07","2020-10-17 02:05:07","'morel':3 'tepatitl':1",False,1
848,"FRACC. BOSQUES DE SALOYA",2016,"","",NULL,"2020-10-17 02:05:19","2020-10-17 02:05:19","'bosqu':2 'fracc':1 'saloy':4",False,1
849,"MIGUEL HIDALGO",476,"","",NULL,"2020-10-17 02:05:23","2020-10-17 02:05:23","'hidalg':2 'miguel':1",False,1
850,"POMOCA",2016,"","",NULL,"2020-10-17 02:05:34","2020-10-17 02:05:34","'pomoc':1",False,1
851,"CELAYA",87,"","",NULL,"2020-10-17 02:06:55","2020-10-17 02:06:55","'celay':1",False,1
852,"TALA",656,"","",NULL,"2020-10-17 02:06:58","2020-10-17 02:06:58","'tal':1",False,1
853,"CADEREYTA JIMENEZ",995,"","",NULL,"2020-10-17 02:07:09","2020-10-17 02:07:09","'cadereyt':1 'jimenez':2",False,1
854,"ACOLMAN",699,"","",NULL,"2020-10-17 02:07:23","2020-10-17 02:07:23","'acolm':1",False,1
855,"TECAMAC",571,"","",NULL,"2020-10-17 02:07:23","2020-10-17 02:07:23","'tecamac':1",False,1
856,"MASCUPANA",2015,"","",NULL,"2020-10-17 02:07:55","2020-10-17 02:07:55","'mascupan':1",False,1
857,"SAN MATEO ATENCO",566,"","",NULL,"2020-10-17 02:07:57","2020-10-17 02:07:57","'atenc':3 'mate':2 'san':1",False,1
858,"EL MARQUES",1136,"","",NULL,"2020-10-17 02:08:16","2020-10-17 02:08:16","'marqu':2",False,1
859,"VILLA DE ZAACHILA",1731,"","",NULL,"2020-10-17 02:08:51","2020-10-17 02:08:51","'vill':1 'zaachil':3",False,1
860,"IRAPUATO",97,"","",NULL,"2020-10-17 02:09:18","2020-10-17 02:09:18","'irapuat':1",False,1
861,"BOSQUES DE SALOYA",2016,"","",NULL,"2020-10-17 02:09:22","2020-10-17 02:09:22","'bosqu':1 'saloy':3",False,1
862,"EJIDO DE MORAL",190,"","",NULL,"2020-10-17 02:09:51","2020-10-17 02:09:51","'ejid':1 'moral':3",False,1
863,"NUEVO LAREDO",2047,"","",NULL,"2020-10-17 02:11:00","2020-10-17 02:11:00","'lared':2 'nuev':1",False,1
864,"VALLADOLID",1952,"","",NULL,"2020-10-17 02:11:06","2020-10-17 02:11:06","'valladol':1",False,1
865,"CHIAPA DE CORZO",305,"","",NULL,"2020-10-17 02:11:09","2020-10-17 02:11:09","'chiap':1 'corz':3",False,1
866,"SALAMANCA",107,"","",NULL,"2020-10-17 02:11:17","2020-10-17 02:11:17","'salamanc':1",False,1
867,"NARANJOS AMATLAN",2200,"","",NULL,"2020-10-17 02:12:51","2020-10-17 02:12:51","'amatl':2 'naranj':1",False,1
868,"CALIMAYA",715,"","",NULL,"2020-10-17 02:13:23","2020-10-17 02:13:23","'calimay':1",False,1
869,"VILLAHERMOSA",2018,"","",NULL,"2020-10-17 02:13:45","2020-10-17 02:13:45","'villaherm':1",False,1
870,"CD. OBREGON",1990,"","",NULL,"2020-10-17 02:14:50","2020-10-17 02:14:50","'cd':1 'obregon':2",False,1
871,"IXTAPALUCA",737,"","",NULL,"2020-10-17 02:15:29","2020-10-17 02:15:29","'ixtapaluc':1",False,1
872,"NAVOJOA",1996,"","",NULL,"2020-10-17 02:15:36","2020-10-17 02:15:36","'navojo':1",False,1
873,"GENERAL ZUAZUA",1011,"","",NULL,"2020-10-17 02:15:53","2020-10-17 02:15:53","'general':1 'zuazu':2",False,1
874,"BANDERILLA",2212,"","",NULL,"2020-10-17 02:16:15","2020-10-17 02:16:15","'banderill':1",False,1
875,"COOPERATIVA",363,"","",NULL,"2020-10-17 02:18:04","2020-10-17 02:18:04","'cooper':1",False,1
876,"ACAMBAY",698,"","",NULL,"2020-10-19 17:53:03","2020-10-19 17:53:03","'acambay':1",False,1
878,"CIUDAD DE MEXICO",198,"","",NULL,"2020-10-19 19:33:06","2020-10-19 19:33:06","'ciud':1 'mexic':3",False,1
879,"OLUTA",2302,"","",NULL,"2020-10-20 19:19:33","2020-10-20 19:19:33","'olut':1",False,1
880,"ECATEPEC",731,"","",NULL,"2020-10-20 19:19:58","2020-10-20 19:19:58","'ecatepec':1",False,1
881,"ALTAMIRANO",282,"","",NULL,"2020-10-20 19:20:40","2020-10-20 19:20:40","'altamiran':1",False,1
882,"APASEO EL GRANDE",85,"","",NULL,"2020-10-20 19:20:58","2020-10-20 19:20:58","'apase':1 'grand':3",False,1
883,"GARCIA",1004,"","",NULL,"2020-10-20 19:20:59","2020-10-20 19:20:59","'garci':1",False,1
884,"NOPALUCAN",945,"","",NULL,"2020-10-20 19:21:44","2020-10-20 19:21:44","'nopaluc':1",False,1
885,"DELICIAS",138,"","",NULL,"2020-10-20 19:21:57","2020-10-20 19:21:57","'delici':1",False,1
886,"TULANCINGO DE BRAVO",491,"","",NULL,"2020-10-20 19:23:14","2020-10-20 19:23:14","'brav':3 'tulancing':1",False,1
887,"ENSENADA",2099,"","",NULL,"2020-10-20 19:24:29","2020-10-20 19:24:29","'ensen':1",False,1
888,"SAN JACINTO AMILPAS",1319,"","",NULL,"2020-10-20 19:25:56","2020-10-20 19:25:56","'amilp':3 'jacint':2 'san':1",False,1
889,"AGUA DULCE",2391,"","",NULL,"2020-10-20 19:28:17","2020-10-20 19:28:17","'agu':1 'dulc':2",False,1
890,"NAUCALPAN",547,"","",NULL,"2020-10-20 19:28:29","2020-10-20 19:28:29","'naucalp':1",False,1
891,"HIDALGO",783,"","",NULL,"2020-10-20 19:28:42","2020-10-20 19:28:42","'hidalg':1",False,1
892,"MOTUL",2449,"","",NULL,"2020-10-20 19:31:07","2020-10-20 19:31:07","'motul':1",False,1
893,"GUANAJUATO",95,"","",NULL,"2020-10-20 19:31:59","2020-10-20 19:31:59","'guanajuat':1",False,1
894,"YAJALON",47,"","",NULL,"2020-10-20 19:34:36","2020-10-20 19:34:36","'yajalon':1",False,1
895,"CIUDAD VALLES",1794,"","",NULL,"2020-10-20 19:36:46","2020-10-20 19:36:46","'ciud':1 'vall':2",False,1
896,"TONALA",34,"","",NULL,"2020-10-20 19:38:08","2020-10-20 19:38:08","'tonal':1",False,1
897,"ESPITA",2429,"","",NULL,"2020-10-20 19:38:40","2020-10-20 19:38:40","'espit':1",False,1
902,"TUXTLA GUITIERREZ",38,"","",NULL,"2021-01-20 18:10:25","2021-01-20 18:10:25","'guitierrez':2 'tuxtl':1",False,1
904,"ESTADO DE MÉXICO",191,"","",NULL,"2021-03-25 23:48:55","2021-03-25 23:48:55","'mexic':3",True,1
